Transaction_ID,Sender,Receiver,UPI_ID,Amount,Status,Category,Fraud
3940547239,Bhavani Murthy,Kalpit Mahajan,bhavani5907@paytm,39288.83,Pending,Gift Payment,0
6013249905,Yadavi Oak,Dipta Dhar,yadavi7055@okbob,11932.23,Failed,Salary Transfer,0
8748522820,Anjali Naidu,Vidhi Palan,anjali2670@okkotak,3646.1,Pending,Gift Payment,0
2762812869,Maanas Ray,Raksha Bera,maanas3746@oksbi,35144.41,Failed,Salary Transfer,0
6635780433,Rayaan Gokhale,Garima Agarwal,rayaan4843@okaxis,15959.05,Success,Gift Payment,0
8410525178,Ikshita Keer,Sai Kibe,ikshita3355@okaxis,23228.46,Success,Merchant Payment,0
2233043276,Nidhi Patla,Chaitanya Sarma,nidhi3191@okpnb,8209.71,Failed,Subscription,0
7791092145,Keya Parekh,Wazir Sabharwal,keya8525@oksbi,42001.34,Pending,Friend Transfer,0
3393852546,Tamanna Batta,Geetika Divan,tamanna4373@oksbi,8724.59,Success,Merchant Payment,0
5483471667,Chaitaly Prasad,Veda Jayaraman,chaitaly4616@okpnb,25904.61,Failed,Merchant Payment,0
6156439645,Orinder Reddy,Ekalinga Lad,orinder8952@okhdfcbank,76332.41,Success,Loan Repayment,1
5534211846,Amara Om,Pranit Bakshi,amara4161@okbob,35428.19,Failed,Merchant Payment,0
4857400876,Henry Samra,Tanveer Mistry,henry6403@paytm,18742.04,Success,Salary Transfer,0
7650900221,Yashvi Reddy,Dayita Sarna,yashvi6496@okbob,2281.14,Failed,Gift Payment,0
1073105304,Aarav Palla,Wakeeta Jani,aarav8975@oksbi,47802.52,Failed,Online Shopping,0
9742527956,Veda Datta,Waida Lata,veda4571@ybl,41550.79,Pending,Loan Repayment,0
5692633585,Laban Parekh,Shivansh Gala,laban3334@okkotak,21336.71,Success,Merchant Payment,0
7521321562,Onkar Buch,Aarnav Din,onkar3134@upi,4663.9,Failed,Online Shopping,0
4104060560,Fariq Ramakrishnan,Girindra Soni,fariq8466@okicici,38904.47,Pending,Subscription,0
2024812804,Wishi Hegde,Deepa Uppal,wishi4076@paytm,23993.54,Success,Merchant Payment,0
1648010134,Lajita Walla,Sachi More,lajita1775@okbob,32333.8,Failed,Gift Payment,0
8643794956,Indali Date,Ekanta Warrior,indali4317@okaxis,8054.69,Failed,Friend Transfer,0
7937487750,Wazir Mitter,Zinal Mittal,wazir2083@okkotak,35578.11,Success,Merchant Payment,0
2294213040,Charan Wali,Jeet Char,charan7017@ybl,8626.38,Success,Subscription,0
1018694998,Shravya Koshy,Odika Kanda,shravya6190@okkotak,12395.38,Pending,Bill Payment,0
8605022199,Eesha Srinivas,Urmi Krishnamurthy,eesha2993@okpnb,44029.15,Failed,Gift Payment,0
5733559738,Nakul Dhar,Elijah Sachdev,nakul6159@paytm,25820.58,Failed,Friend Transfer,0
1343600605,Hemal Bedi,Kabir Khanna,hemal1079@okaxis,474.33,Pending,Bill Payment,0
9048999444,Jackson Das,Ekiya Pant,jackson6059@okpnb,28726.95,Success,Salary Transfer,0
2919215064,Ubika Din,Eta Soman,ubika6666@okhdfcbank,86152.68,Failed,Merchant Payment,1
3993828575,Omkaar Amble,Aadhya Mandal,omkaar2600@paytm,19931.64,Failed,Friend Transfer,0
3352548530,Hemani Sarkar,Pallavi Mishra,hemani1376@okaxis,21418.32,Failed,Loan Repayment,0
3809571083,David Behl,Simon Narang,david5611@oksbi,2043.82,Pending,Loan Repayment,0
4249614561,Yutika Nadkarni,Mahika Ganesh,yutika2671@okpnb,27596.61,Failed,Salary Transfer,0
9917684709,Chatura Sant,Vrinda Mittal,chatura8759@okaxis,7338.8,Failed,Merchant Payment,0
1022077191,Wazir Kapur,Wakeeta Palla,wazir9629@okpnb,42307.27,Pending,Subscription,0
6232475946,Amrita Sant,Lohit Natt,amrita5136@ybl,57235.24,Failed,Bill Payment,1
5286255016,Qushi Karpe,William Vora,qushi6121@ybl,1141.37,Success,Salary Transfer,0
2707448734,Hiral Varkey,Odika Mander,hiral8968@okpnb,10434.93,Success,Gift Payment,0
2601911123,Aarini Bahri,Baljiwan Kade,aarini5448@okaxis,34385.11,Success,Online Shopping,0
9747608214,Pranav Bahri,Jagat Dora,pranav2402@okaxis,38822.58,Success,Subscription,0
5229436274,Darsh Kothari,Avni Walla,darsh3056@okaxis,36294.57,Success,Online Shopping,0
6470697885,Indira Lalla,Krish Dass,indira9363@okpnb,21175.25,Success,Salary Transfer,0
7386097692,Aryan Deol,Ira Sangha,aryan2709@oksbi,763.88,Failed,Loan Repayment,1
4574014234,Varenya Bains,Ekansh Bhagat,varenya7431@ybl,26565.55,Success,Friend Transfer,0
6747032952,Adweta Radhakrishnan,Sanya Banerjee,adweta2037@okaxis,5473.2,Pending,Bill Payment,0
4345457426,Leela D’Alia,Ekalinga Dalal,leela1439@okkotak,40265.98,Failed,Bill Payment,1
5999944046,Agastya Pandey,Zinal Kaur,agastya9542@okkotak,37772.21,Pending,Online Shopping,0
8900111817,Ayush Bajwa,Jonathan Rout,ayush4095@okbob,5418.85,Failed,Salary Transfer,0
7239648058,Yachana Rajan,Maanav Dua,yachana7525@okbob,47578.34,Pending,Friend Transfer,0
2257473095,Christopher Kadakia,Zaitra Palla,christopher1714@upi,47170.34,Pending,Friend Transfer,0
9809630979,Faraj Shah,Fitan Pillai,faraj6771@ybl,1621.03,Failed,Friend Transfer,0
6796220771,Aadi Pau,Tanmayi Doctor,aadi2285@okkotak,34763.82,Success,Friend Transfer,0
5733833818,Dalaja Contractor,Eta Nadkarni,dalaja1322@okhdfcbank,8258.88,Failed,Gift Payment,0
5545717886,Liam Shere,Om Sarraf,liam8752@okkotak,42021.79,Pending,Friend Transfer,0
4247797689,Lohit Khosla,Peter Seth,lohit6263@okaxis,133965.07,Failed,Subscription,1
5483938025,Vritti Madan,Brinda Panchal,vritti4265@okpnb,4303.81,Pending,Bill Payment,0
5107405371,Dipta Trivedi,Kashish Sule,dipta1687@okpnb,7979.42,Success,Online Shopping,0
6919762251,Chameli Lanka,Ronith Rajan,chameli1472@oksbi,9663.22,Success,Gift Payment,0
5456694971,Hitesh Sidhu,Amruta Toor,hitesh7225@okicici,15171.47,Pending,Gift Payment,0
8342660573,Yashoda Setty,Lohit Oommen,yashoda1837@okaxis,1022.74,Success,Bill Payment,0
2582615352,Praneel Sandhu,Yachana Tandon,praneel9919@okicici,7690.11,Success,Friend Transfer,0
5988964858,Jacob D’Alia,Fiyaz Keer,jacob4000@okicici,21242.89,Failed,Friend Transfer,0
1867330172,Ojasvi Vyas,Indali Ramaswamy,ojasvi3194@okpnb,5925.58,Failed,Online Shopping,0
2649254107,Yatan Dara,Priya Murthy,yatan2978@ybl,17564.51,Pending,Bill Payment,0
4635156008,Chasmum Dhingra,Sarthak Dewan,chasmum8838@okpnb,14501.6,Success,Online Shopping,0
2459636033,Nidra Loke,Balhaar Kale,nidra4854@okhdfcbank,40131.82,Success,Online Shopping,0
4905528039,Tara Dash,Unni Muni,tara5934@oksbi,4870.55,Pending,Friend Transfer,0
7096475122,Wishi Walia,Amol Nagy,wishi5895@oksbi,21798.24,Failed,Subscription,0
9746536125,Pratyush Edwin,Ekansh Kade,pratyush8438@okhdfcbank,118411.62,Failed,Salary Transfer,1
7543513320,Zehaan Rajagopalan,Alexander Lalla,zehaan4577@upi,32021.61,Success,Salary Transfer,0
4023393638,Tanish Contractor,Bachittar Prabhakar,tanish4837@okhdfcbank,25673.3,Success,Salary Transfer,0
2559886466,Aashi Wason,Ubika Datta,aashi4562@ybl,39875.1,Pending,Subscription,0
3653228667,Maya Thaman,Eiravati Nadkarni,maya9836@okbob,23385.74,Success,Loan Repayment,0
8023042725,Pranit Mammen,Vrinda Setty,pranit4552@upi,22300.89,Failed,Online Shopping,0
1768172501,Urmi Sengupta,Aarini Shukla,urmi4280@oksbi,14952.68,Pending,Bill Payment,0
7969886952,Chakradev Mall,Ishwar Shanker,chakradev9998@ybl,12098.31,Success,Loan Repayment,0
3170398423,Gagan Bedi,Tripti Suresh,gagan6115@okicici,16766.71,Pending,Gift Payment,0
7602349100,Prisha Kunda,Vedika Mander,prisha3926@okicici,928.89,Success,Bill Payment,0
5904015854,Rudra Bora,Raagini Natt,rudra8643@okhdfcbank,35240.9,Failed,Friend Transfer,0
9128731315,Oviya Lad,Bhavna Balan,oviya4168@paytm,41024.52,Failed,Loan Repayment,0
9474007420,Keya Sankar,David Anand,keya1962@paytm,12856.22,Pending,Merchant Payment,0
8883594407,Gabriel Pall,Vivaan Mohan,gabriel3476@upi,11832.44,Success,Gift Payment,0
2868849355,Qabil Goda,Shivansh Sachdeva,qabil8667@okhdfcbank,49879.46,Success,Subscription,0
5023170207,Samaksh Kapoor,Upadhriti Jain,samaksh8735@paytm,25290.13,Pending,Online Shopping,0
4047748971,Lohit Chatterjee,Nirja Kurian,lohit4524@okhdfcbank,16917.7,Success,Online Shopping,0
4357786636,Isaac Bhattacharyya,Yachana Bains,isaac5737@okhdfcbank,25297.26,Success,Loan Repayment,0
8711204043,Harini Chadha,Jagvi Basak,harini1598@upi,18153.31,Success,Bill Payment,0
3067739762,Nilima Tandon,Dominic Parmer,nilima1266@okhdfcbank,41660.31,Pending,Loan Repayment,0
6005622058,Nikita Vyas,Gopal Varughese,nikita9644@okicici,21744.7,Success,Merchant Payment,0
9837274435,Vihaan Sule,Arunima Luthra,vihaan7442@okpnb,6030.43,Success,Salary Transfer,0
2730625066,Thomas Mistry,Ishwar Shah,thomas6803@okbob,13722.24,Success,Salary Transfer,0
7688933946,Ubika Mistry,Jairaj Basu,ubika1714@upi,38973.24,Failed,Loan Repayment,0
2625530378,Chakradev Gola,Shivani Som,chakradev3487@paytm,9322.9,Pending,Merchant Payment,0
1771798197,Ubika Dube,Anika Mittal,ubika7399@okicici,36330.53,Pending,Loan Repayment,0
7680758034,Advik Kakar,Zaitra Mangal,advik9264@okpnb,25709.12,Success,Merchant Payment,0
7154877999,Andrew Arora,Yadavi Prasad,andrew5474@okicici,19853.82,Success,Merchant Payment,0
3270253166,Gaurang Lal,Jeremiah Memon,gaurang7727@paytm,4208.45,Failed,Friend Transfer,0
3830608788,Samesh Chopra,Amol Handa,samesh2571@okicici,38732.33,Failed,Gift Payment,0
6106554928,Maya Mangal,Radha Kamdar,maya4507@okhdfcbank,18618.87,Failed,Gift Payment,0
9570687874,Praneel Chopra,Zehaan Zachariah,praneel2643@okaxis,27287.82,Success,Merchant Payment,0
5440738877,George Sibal,Ganga Badami,george9470@okbob,12249.51,Success,Online Shopping,0
7031819284,Indrajit Dave,Yashasvi Subramanian,indrajit5936@paytm,8237.09,Pending,Subscription,0
1486317085,Aditya Malhotra,Owen Sodhi,aditya8348@okbob,3304.45,Success,Online Shopping,0
2791528028,Shravya Ravi,Bhavini Chawla,shravya5747@oksbi,41452.67,Failed,Bill Payment,0
5102631128,Aradhana Bhardwaj,Lipika Tank,aradhana5204@paytm,687.44,Pending,Loan Repayment,0
7489368572,Nachiket Chad,Harinakshi Bail,nachiket8840@okkotak,8500.97,Success,Online Shopping,0
7959211506,Eta Kashyap,Hiral Divan,eta9129@okbob,35071.77,Success,Subscription,0
7000664247,Balhaar Mannan,Wridesh Mallick,balhaar4419@ybl,31839.92,Failed,Friend Transfer,0
2805983407,Farhan Sami,Joshua Shere,farhan7635@okicici,24094.78,Success,Friend Transfer,0
2604378077,Pushti Mallick,Sanaya Murty,pushti9545@okpnb,47531.07,Success,Loan Repayment,0
8145562847,Yug Mohanty,Wakeeta Shere,yug6571@ybl,35312.65,Success,Salary Transfer,0
9272671917,Madhavi Anand,Yuvraj Sura,madhavi9645@oksbi,48387.87,Success,Online Shopping,0
3234633795,Teerth Halder,Ati Bava,teerth2674@oksbi,996.92,Success,Friend Transfer,0
6144207947,Simon Narasimhan,Ojas Baria,simon4142@okpnb,30776.79,Pending,Loan Repayment,0
4829234595,Luke Talwar,Nandini Deol,luke3975@okaxis,3188.58,Pending,Friend Transfer,0
2694127408,Aarav Tandon,Isha Sarma,aarav9034@okicici,26105.6,Success,Friend Transfer,0
3475785165,Ryan Bal,Lakshmi Thakkar,ryan2676@okpnb,36095.83,Success,Merchant Payment,0
9512927383,Gabriel Maharaj,Warhi Kaul,gabriel6494@okkotak,8088.84,Success,Loan Repayment,0
2639464316,Raagini Shukla,Mitali Narula,raagini7448@upi,33041.37,Success,Friend Transfer,0
3399192725,Jairaj Mannan,Quincy Bobal,jairaj1879@okaxis,6355.93,Pending,Friend Transfer,0
8705034438,Abeer Dixit,Siya Chaudhary,abeer5599@okpnb,6231.38,Success,Online Shopping,0
2727324830,Guneet Date,Ekalinga Chokshi,guneet7136@okicici,3789.53,Pending,Loan Repayment,0
3046355196,Girindra Mohan,Eta Manne,girindra4073@okhdfcbank,5022.35,Failed,Subscription,0
7296702130,Yochana Choudhry,Gayathri Bhatti,yochana3441@paytm,40843.12,Success,Online Shopping,0
2264927269,Raghav Keer,Shivansh Yogi,raghav8577@okaxis,31657.56,Success,Friend Transfer,0
5429157407,Avi Patil,Priya Kalita,avi9337@okkotak,27213.95,Failed,Bill Payment,0
1172865325,Chaitaly Bera,Meera Bath,chaitaly3161@okhdfcbank,49957.98,Success,Gift Payment,0
2118450480,Ishaan Bansal,Rushil Ratta,ishaan4192@okhdfcbank,49684.73,Failed,Salary Transfer,0
3709755980,Udarsh Srinivas,Chanchal Bath,udarsh5918@okicici,9532.01,Failed,Merchant Payment,0
7520179254,Bina Murthy,Mekhala Khurana,bina8360@okpnb,38419.99,Success,Bill Payment,0
2123054722,Patrick Dalal,Zashil Goyal,patrick3731@ybl,49987.57,Success,Gift Payment,0
7216434050,Yuvraj Bava,Nilima Mallick,yuvraj5812@okkotak,15887.08,Failed,Merchant Payment,0
5512615732,Bhavna Mani,Hema Mody,bhavna4143@okhdfcbank,21792.12,Success,Subscription,0
6085513875,Noah Savant,Anita Khare,noah1683@okhdfcbank,14970.36,Failed,Subscription,0
7544929215,Yashoda Misra,Jonathan Wali,yashoda9376@okpnb,7296.51,Pending,Online Shopping,0
3650646873,Saumya Mitter,Daksha Goyal,saumya3286@ybl,32590.74,Success,Salary Transfer,0
5764271292,Divya Chaudhary,Ucchal Bhalla,divya2553@oksbi,403.67,Pending,Loan Repayment,1
3968822926,Hamsini Sandal,Wriddhish Kalita,hamsini8100@paytm,22156.87,Success,Online Shopping,0
1772589162,Hema Pillai,Aarna Boase,hema5173@okbob,31875.5,Failed,Merchant Payment,0
1471953608,Arjun Gole,Nachiket Shetty,arjun4933@okicici,93761.77,Success,Merchant Payment,1
2505506761,Pahal Sharaf,Hiral Naik,pahal7458@upi,3613.61,Failed,Bill Payment,0
2524860960,Urvi Balay,Dalaja Sule,urvi4255@okaxis,2023.18,Success,Subscription,0
3230015642,Rayaan Chowdhury,Omkaar Randhawa,rayaan3903@okpnb,1917.7,Pending,Online Shopping,0
5449385764,Vasana Krish,Hemang Dhingra,vasana9921@okbob,6094.23,Pending,Friend Transfer,0
4085182878,Saanvi Sibal,Tara Dani,saanvi3845@okaxis,30126.84,Failed,Loan Repayment,0
1979954605,Nathan Mane,Qabil Pandit,nathan4983@okhdfcbank,19688.46,Failed,Online Shopping,0
3403242642,Ekalinga Rai,Varenya Jha,ekalinga4864@okkotak,16068.91,Pending,Loan Repayment,0
6305535582,Kala Dixit,Janya Sagar,kala7653@okhdfcbank,47867.13,Success,Loan Repayment,0
2456130118,Unni Goda,Banjeet Rastogi,unni1320@okpnb,33263.89,Pending,Bill Payment,0
8859868085,Noah Seth,Manthan Balakrishnan,noah1157@okkotak,96674.34,Failed,Merchant Payment,1
9500742713,Alka Hegde,Mitali Andra,alka2879@oksbi,15943.83,Success,Subscription,0
2653505043,Andrew Bhakta,Waida Khosla,andrew8469@okpnb,39186.84,Success,Gift Payment,0
1453894000,Theodore Sura,Ladli Barman,theodore7446@okpnb,5033.84,Success,Bill Payment,0
1342650050,Janani Chanda,Abeer Bassi,janani8995@okbob,40653.92,Pending,Salary Transfer,0
8258141404,Hiral Rastogi,Ekiya Brahmbhatt,hiral2769@upi,37766.82,Success,Bill Payment,0
5656075458,Jeet Saraf,Chasmum Balasubramanian,jeet2884@upi,397.53,Pending,Loan Repayment,0
7823604069,Kabir Ganesan,Harsh Gade,kabir9364@paytm,37110.86,Success,Gift Payment,0
7410811568,Tejas Salvi,Xiti Sridhar,tejas8087@paytm,14501.15,Pending,Salary Transfer,0
3819574357,Gopal Dash,Bachittar Som,gopal6729@paytm,38209.3,Failed,Gift Payment,0
8108038745,Jack Bobal,Vinaya Manda,jack3700@paytm,30558.52,Success,Friend Transfer,0
9181970207,Udant Ratti,Harita Dixit,udant3503@okicici,44640.63,Success,Salary Transfer,0
7867498647,Tejas Dugal,Waida Muni,tejas6372@ybl,18814.93,Success,Subscription,0
7178089703,Geetika Kaul,Varenya Krish,geetika5310@okhdfcbank,28267.5,Success,Online Shopping,0
4925269943,Ranbir Roy,Brijesh Nigam,ranbir1346@ybl,26347.1,Failed,Subscription,0
3475819642,Charles Ramaswamy,Yashodhara Kakar,charles8246@okpnb,16205.36,Failed,Friend Transfer,0
2692262489,Lopa Nigam,Anay Sur,lopa7274@okaxis,38307.87,Failed,Online Shopping,0
5476055048,Xavier Barad,Christopher Venkatesh,xavier3419@ybl,19385.33,Failed,Loan Repayment,0
3463851789,Jai Wadhwa,Nandini Manne,jai4310@oksbi,29854.47,Pending,Online Shopping,0
6593735379,Diya Reddy,Upkaar Balakrishnan,diya9497@upi,13557.89,Failed,Loan Repayment,0
7861380755,Arya Dash,Indrajit Varty,arya7929@okpnb,41243.41,Success,Online Shopping,0
8699231523,Viraj Khatri,Rushil Sandhu,viraj4621@okicici,25471.51,Success,Gift Payment,0
8927784719,Jagdish Lalla,Siddharth Nadkarni,jagdish7556@okicici,23937.34,Success,Online Shopping,0
4024547226,Garima Tripathi,Shaurya Pradhan,garima9212@okicici,23339.81,Failed,Loan Repayment,0
1778639856,Raksha Pathak,Arjun Borra,raksha5663@okaxis,190598.2,Failed,Bill Payment,1
6842620417,Tanveer Varma,Bakhshi Cherian,tanveer6488@okaxis,41035.54,Success,Merchant Payment,0
2087234965,Unnati Batra,Vasana Pandey,unnati8557@okhdfcbank,82248.64,Success,Online Shopping,1
6838187530,Advik Magar,Abhiram Palan,advik4230@okhdfcbank,32575.58,Pending,Salary Transfer,0
5730560557,Ayushman Mani,Yochana Soman,ayushman1452@paytm,30211.51,Success,Gift Payment,0
3982729008,Chanchal Tank,Wazir Doctor,chanchal3428@okbob,16204.59,Failed,Subscription,0
7465187856,Diya Khare,Lipika Agate,diya8184@okpnb,35856.07,Pending,Gift Payment,0
5973735627,Krishna Mandal,Azaan Sen,krishna6342@oksbi,19239.76,Pending,Friend Transfer,0
9248395529,Priya Mutti,Frado Basak,priya4193@okbob,77839.96,Failed,Gift Payment,1
8335496071,Pranit Zacharia,Warda Choudhury,pranit6390@okbob,25808.16,Failed,Merchant Payment,0
8555792833,Garima Ahluwalia,Ekiya Keer,garima1902@okpnb,27135.32,Pending,Bill Payment,0
7708784703,Chatresh Master,Neel Suri,chatresh3947@upi,47476.21,Success,Merchant Payment,0
3308962351,Nikita Prasad,Amara Nagar,nikita4387@oksbi,32268.72,Failed,Subscription,0
2615626473,Bishakha Kapadia,Hiral Aggarwal,bishakha8906@okkotak,14633.1,Pending,Online Shopping,1
5334854074,Harita Bhasin,Warinder Brahmbhatt,harita8805@okaxis,6412.15,Failed,Gift Payment,0
3684711702,Kamya Gupta,Upma Deol,kamya7611@okkotak,35873.66,Failed,Online Shopping,0
9881899773,Aadhya Magar,Samuel Bala,aadhya8659@paytm,8037.13,Failed,Gift Payment,0
3548994956,Rudra Deshpande,Neelima Saha,rudra6951@okpnb,6809.9,Failed,Subscription,0
9931209230,Ekapad Gera,Aryan Pillai,ekapad7845@ybl,38031.26,Pending,Bill Payment,0
9697774773,Joshua Chand,Nisha Nath,joshua1696@okhdfcbank,49752.7,Failed,Gift Payment,0
8971836791,Tanmayi Peri,Nitara Rana,tanmayi8937@ybl,27026.44,Pending,Salary Transfer,0
3831886567,Urmi Kulkarni,Max Bhandari,urmi9949@okaxis,31769.56,Pending,Subscription,0
9305982801,Meghana Date,Hemangini Bath,meghana1456@okpnb,180575.44,Failed,Merchant Payment,1
6184278891,Samarth Balay,Advay Viswanathan,samarth2018@upi,3081.89,Pending,Loan Repayment,0
1026130384,Aarini Loke,Dalaja Sarkar,aarini4812@okaxis,23975.25,Pending,Online Shopping,0
5074176504,Bhavini Kurian,Rachana Bala,bhavini6517@okaxis,45118.56,Failed,Gift Payment,0
4935852235,Nilima Walla,Banjeet Shan,nilima4791@okaxis,23272.21,Pending,Friend Transfer,0
1868877319,Vivaan Trivedi,Wridesh Sinha,vivaan8876@oksbi,1666.69,Failed,Bill Payment,0
5248664772,Chanchal Ramanathan,Ishaan Parekh,chanchal9013@okpnb,63744.64,Success,Salary Transfer,1
7036571376,Alka Seth,Ekbal Mammen,alka3721@okhdfcbank,17587.21,Failed,Bill Payment,0
2038856234,Warhi Batta,Aadi Kari,warhi7663@okaxis,33055.73,Success,Online Shopping,0
8001959285,Charan Vaidya,Faraj Sharma,charan9835@upi,31650.08,Success,Online Shopping,0
8610945035,Henry Arora,Warinder Sandal,henry7383@okkotak,25505.23,Pending,Subscription,0
7514709170,Lopa Bawa,Zaitra Bahri,lopa2323@okhdfcbank,10703.11,Success,Bill Payment,1
2824899229,Yug Bhat,Eiravati Date,yug3762@okpnb,3735.85,Pending,Salary Transfer,0
3409169972,Chaitaly Gopal,Nicholas Kanda,chaitaly4604@okhdfcbank,29120.59,Success,Bill Payment,1
9140231375,Aishani Jaggi,Ridhi Mistry,aishani8765@paytm,14437.63,Success,Merchant Payment,0
4230416146,Chatura Shukla,Pahal Ram,chatura3593@okbob,26493.88,Pending,Bill Payment,0
3869858809,Pranit Jha,Sai Viswanathan,pranit6573@oksbi,20475.9,Success,Bill Payment,0
6420220697,Ansh Dey,Arjun Chakraborty,ansh2272@paytm,1208.88,Success,Online Shopping,0
1704458529,Shravya Jha,Darpan Chaudhuri,shravya1755@oksbi,37419.15,Success,Salary Transfer,0
4326336157,Sanaya Hans,Daksha Tara,sanaya1937@upi,23416.79,Pending,Online Shopping,0
6659234779,Rajeshri Shukla,Edhitha Nazareth,rajeshri9358@okaxis,70656.33,Pending,Bill Payment,1
6225158825,Azad Khosla,Anika Sharaf,azad7665@okkotak,8157.16,Failed,Loan Repayment,0
5321056008,Sneha More,Nathaniel Barman,sneha4413@okbob,35509.79,Failed,Friend Transfer,0
5895688316,Ubika Solanki,Chavvi Guha,ubika5246@okicici,32515.85,Success,Salary Transfer,0
9949585077,Ronith Cherian,Samar Sen,ronith6091@okaxis,6400.01,Failed,Gift Payment,0
9450207485,Sara Deshmukh,Vedika Sekhon,sara5920@upi,43768.98,Pending,Loan Repayment,0
3551376861,Hiral Sangha,Kala Yadav,hiral4202@okpnb,42923.36,Pending,Bill Payment,0
9974256946,Zehaan Patla,Dayamai Deep,zehaan4408@oksbi,24851.79,Failed,Salary Transfer,0
8895090204,Pranit Shetty,Gabriel Om,pranit8131@okicici,8973.97,Failed,Bill Payment,0
8581857539,Warinder Garg,Lakshit Nagarajan,warinder8077@okicici,8238.99,Failed,Loan Repayment,0
8060776298,Ekapad Dyal,Ojasvi Murty,ekapad4905@ybl,22508.16,Pending,Online Shopping,0
2127446809,Jonathan Sehgal,Anika Varughese,jonathan6428@okbob,41090.56,Pending,Bill Payment,0
7185609003,Chandresh Ratta,Vasudha Thakur,chandresh4440@okaxis,29810.47,Pending,Salary Transfer,0
6866809986,Omkaar Contractor,Gunbir Narayan,omkaar4376@okbob,11914.93,Pending,Salary Transfer,0
6393369775,Balveer Hegde,Warjas Saha,balveer3969@okkotak,11729.55,Success,Loan Repayment,0
2051589431,Chakradhar Khare,Jonathan Sem,chakradhar1181@ybl,37404.14,Pending,Gift Payment,1
6387949301,Dipta Sodhi,Turvi Gokhale,dipta4202@okkotak,14628.63,Failed,Loan Repayment,0
3369795450,Balhaar Sami,Dayita Nayar,balhaar4545@oksbi,32922.92,Failed,Merchant Payment,0
2168588149,Rajeshri Sankar,Bishakha Khurana,rajeshri2720@okkotak,37005.44,Success,Gift Payment,0
9862638064,Nitesh Malhotra,Quincy Mitra,nitesh8204@upi,8341.06,Success,Friend Transfer,0
5372402709,Krishna Bakshi,Yachana Bajaj,krishna3616@okicici,27362.39,Pending,Merchant Payment,0
6122570352,Vrishti Sanghvi,Rachana Modi,vrishti1084@ybl,1366.12,Failed,Subscription,0
7994007042,Ojasvi Mall,Aarini Tiwari,ojasvi3405@oksbi,24543.36,Success,Gift Payment,0
9324134682,Vasatika Jaggi,Bhavika Chacko,vasatika8334@ybl,3784.48,Success,Friend Transfer,0
3969439508,Ojas Dalal,Chakradev Parikh,ojas1018@okpnb,80733.18,Failed,Online Shopping,1
2064476347,Ekalinga Seth,Saumya Palla,ekalinga5958@upi,41509.78,Pending,Salary Transfer,0
4143275709,Aditya Mitter,Sachi Sule,aditya5698@paytm,356.95,Success,Loan Repayment,0
9077216879,Sachi Bhavsar,Rajata Baral,sachi7409@upi,15926.07,Failed,Subscription,0
6007983074,William Malhotra,Raksha Sane,william3623@okhdfcbank,11500.31,Failed,Merchant Payment,0
5395812463,Mohini Nori,Meera Divan,mohini9105@paytm,14533.75,Success,Online Shopping,0
5066124102,Forum Sastry,Kamya Chakraborty,forum1085@okhdfcbank,6075.72,Success,Merchant Payment,0
2628484882,Vincent Choudhury,Edhitha Badami,vincent2955@okkotak,30731.12,Success,Loan Repayment,0
6350307635,Anthony Mammen,Jasmit Pathak,anthony7698@okbob,21000.62,Success,Friend Transfer,0
7521265959,Guneet Bahri,Ekani Mallick,guneet5093@okicici,16529.96,Failed,Merchant Payment,0
7652871651,Charan Sama,Triya Raju,charan7431@oksbi,5051.35,Success,Subscription,0
5082693203,Jeremiah Shetty,Karan Warrior,jeremiah6429@okicici,40364.27,Success,Gift Payment,0
6774027576,Reva More,Vrinda Sood,reva9417@upi,12576.07,Success,Merchant Payment,0
6517963146,Pushti Nagarajan,Qabil Agrawal,pushti2091@okpnb,189526.22,Success,Gift Payment,1
3602434289,Pallavi Yadav,Aarav Upadhyay,pallavi6316@oksbi,26677.59,Pending,Salary Transfer,1
2562290692,Xalak Shukla,Nandini Bhasin,xalak7130@upi,25183.4,Failed,Subscription,1
7971972092,Sachi Dayal,Yash Sarma,sachi1514@paytm,17560.4,Failed,Online Shopping,0
2918816757,Xavier Nagarajan,Udyati Sandal,xavier1059@okpnb,26122.97,Failed,Loan Repayment,0
4633828938,Jagrati Pandey,Gautami Behl,jagrati6912@okbob,10862.06,Failed,Loan Repayment,0
1222245213,Amrita Kohli,Pushti Sagar,amrita9203@paytm,49438.44,Pending,Bill Payment,0
6837996254,Tanish Ganesh,Kevin Sarma,tanish9603@upi,10159.4,Success,Salary Transfer,0
1858417080,Arjun Behl,Faras Bandi,arjun1801@okbob,28116.7,Failed,Salary Transfer,0
9459429046,Frederick Shukla,Nidra Pai,frederick9716@okaxis,37904.63,Success,Loan Repayment,0
2269620049,Harinakshi Rajagopal,Vrinda Bains,harinakshi6365@oksbi,24633.8,Success,Bill Payment,0
7547078335,Divya Sandhu,Akshay Subramanian,divya6438@okhdfcbank,8707.97,Success,Salary Transfer,0
6635061120,Sathvik Bhakta,Dalaja Pant,sathvik7717@okbob,176.31,Failed,Online Shopping,0
1185321510,Radha Rana,Deepa Gade,radha3084@okhdfcbank,26682.54,Success,Gift Payment,0
1202602050,Radhika Hayre,Chameli Kothari,radhika2268@okhdfcbank,9854.89,Failed,Gift Payment,0
9533113412,Fitan Kara,Tripti Jaggi,fitan8878@okkotak,2413.89,Success,Bill Payment,0
7073989917,Matthew Ghose,Saumya Jayaraman,matthew5839@okhdfcbank,12329.49,Success,Gift Payment,0
1493966785,Anirudh Tripathi,Ekalinga Chatterjee,anirudh9221@okpnb,14060.35,Success,Subscription,0
4642607424,Oni Banerjee,Harrison Dutta,oni8512@ybl,28474.36,Failed,Online Shopping,0
9961709934,Aarav Date,Aadi Saini,aarav5115@paytm,14670.46,Success,Gift Payment,0
1033530248,Zayyan Raval,Omaja Nigam,zayyan9331@okicici,9499.94,Success,Bill Payment,0
4440132023,Warda Jain,Harshil Yadav,warda9729@okkotak,34626.6,Failed,Merchant Payment,0
3026108340,Rushil Sunder,Tarak Dey,rushil1705@okbob,28505.85,Success,Online Shopping,0
5920953543,Quincy Vohra,Pallavi Bhalla,quincy7014@okkotak,47298.34,Success,Loan Repayment,0
9652498703,Ranbir Nagarajan,Gauri Ratta,ranbir9846@okhdfcbank,28434.52,Pending,Gift Payment,0
6880869950,Sanya Saini,Pratyush Agarwal,sanya4662@okpnb,8231.26,Pending,Bill Payment,0
9622075172,Dayamai Taneja,Indali Dua,dayamai3825@ybl,33418.47,Success,Salary Transfer,0
7784335550,Radha Mishra,David Patel,radha5096@okaxis,40748.51,Failed,Gift Payment,0
6596253690,Chakradhar Gandhi,Daksh Handa,chakradhar3483@upi,43121.99,Failed,Salary Transfer,0
2137959101,Ayush Johal,Aarush Kaur,ayush3939@okhdfcbank,37802.38,Failed,Merchant Payment,0
3860284967,Chaman Grover,Ekaja Oak,chaman2332@okaxis,37697.02,Failed,Online Shopping,0
9660782087,Jagvi Bhatt,Nachiket Pandey,jagvi8232@okaxis,161433.96,Pending,Merchant Payment,1
3522848257,Azad Johal,Brinda Kanda,azad2274@okhdfcbank,49943.24,Success,Online Shopping,0
8558272397,Onkar Aurora,Gaurav Bir,onkar8321@oksbi,32326.25,Failed,Salary Transfer,0
5434197350,Upasna Virk,Nathan Kohli,upasna6494@paytm,35321.55,Pending,Online Shopping,0
9688629735,Faras Naik,Dayita Parsa,faras1309@okpnb,24572.28,Success,Gift Payment,0
4660375523,Shravya Dubey,Baljiwan Sheth,shravya8228@okpnb,23838.62,Failed,Online Shopping,0
4835734636,Ekavir Sabharwal,Benjamin Chander,ekavir3001@paytm,18015.88,Success,Merchant Payment,0
3092336101,Zayyan Handa,Kala Mutti,zayyan9229@upi,19732.98,Failed,Online Shopping,0
5325791226,Nitara Pandey,Aarna Bora,nitara2692@okpnb,17952.86,Pending,Subscription,0
6981525731,Vivaan Nagarajan,Yashasvi Prabhu,vivaan6800@paytm,19208.68,Success,Loan Repayment,0
3619942809,Kavya Kanda,Chakrika Narayanan,kavya8974@okpnb,43130.1,Failed,Merchant Payment,0
1527902028,Manan Barman,Ubika Comar,manan3866@oksbi,22957.98,Pending,Subscription,0
8482036642,Thomas Sha,Meera Wable,thomas2106@okicici,16812.97,Pending,Friend Transfer,0
5345283611,Kevin Aggarwal,Vihaan Seshadri,kevin9396@okaxis,22190.03,Failed,Bill Payment,0
6832656613,Nitara Bains,Vasatika Cheema,nitara2703@okpnb,15147.07,Failed,Friend Transfer,0
6112496973,Suhani Parikh,Champak Dave,suhani7394@oksbi,14424.29,Pending,Gift Payment,0
9878106191,Urishilla Nair,Omaja Doshi,urishilla7986@okaxis,46695.6,Pending,Bill Payment,0
3595339420,Jeevika Edwin,Jhalak Andra,jeevika6862@okpnb,32535.4,Failed,Gift Payment,0
2080544714,Ronith Mukhopadhyay,Vasudha Hayre,ronith2368@ybl,27252.92,Success,Subscription,0
3519576503,Anay Bumb,Krish Nagi,anay7082@okhdfcbank,25711.92,Success,Gift Payment,0
3030498412,Pranav Shanker,Gaurika Kale,pranav5471@oksbi,37029.4,Success,Online Shopping,0
9553479176,Jason Karpe,Reyansh Oza,jason7548@okpnb,30550.93,Failed,Bill Payment,0
4357744454,Pranit Patil,Barkha Rajagopal,pranit9231@okicici,45992.16,Failed,Online Shopping,0
4393900747,Ayushman Pingle,Baghyawati Kaur,ayushman1043@okkotak,36776.66,Success,Salary Transfer,0
8452062624,Sai Bandi,Hemang Toor,sai3637@okhdfcbank,41372.48,Failed,Subscription,0
1674149781,Ira Chaudry,Frado Saha,ira7593@okaxis,23022.24,Success,Gift Payment,0
1480269192,Urvi Morar,Oeshi Raja,urvi2194@upi,31974.81,Failed,Bill Payment,0
4572826529,Gaurika Sheth,Aahana Kashyap,gaurika9170@paytm,16292.47,Success,Merchant Payment,0
5378996713,Yashodhara Kulkarni,Harsh Naik,yashodhara8563@okbob,98038.67,Pending,Gift Payment,1
8653536490,Faqid Kashyap,Yahvi Keer,faqid7454@upi,25606.98,Failed,Loan Repayment,0
9410764986,Gagan Bhatt,Aishani Guha,gagan1818@okpnb,35269.67,Pending,Salary Transfer,0
4828214844,Pavani Pall,Turvi Deo,pavani7148@ybl,13068.77,Failed,Gift Payment,0
7042447012,Daksh Deo,Harsh Arora,daksh8291@upi,44777.06,Pending,Online Shopping,0
4792344848,Dakshesh Dhar,Ira Raja,dakshesh2635@paytm,10560.36,Failed,Online Shopping,0
6374231750,Anusha Agarwal,Adya Naidu,anusha2709@upi,28034.8,Failed,Bill Payment,0
2592467335,Darsh Pingle,Arjun Garg,darsh6628@okaxis,48425.37,Failed,Salary Transfer,0
1111991242,Kai Cherian,Tara Gole,kai6425@upi,5861.16,Failed,Subscription,0
5644714735,Guneet Bath,Ijaya Seshadri,guneet6030@okhdfcbank,49956.42,Failed,Merchant Payment,0
6256819696,Aadi Nigam,Kamya Sehgal,aadi5212@okbob,49976.42,Success,Merchant Payment,0
7222779272,Rohan Devi,Nikita Char,rohan6285@okhdfcbank,45393.49,Pending,Online Shopping,0
2909092503,Gaurangi Pal,Vamakshi Brahmbhatt,gaurangi2088@okhdfcbank,120100.92,Failed,Bill Payment,1
6616892152,Ekiya Mukhopadhyay,Advay Bhatnagar,ekiya9295@okkotak,26734.24,Pending,Gift Payment,0
5245730467,Sudiksha Iyengar,Anirudh Mann,sudiksha3847@upi,32157.11,Failed,Online Shopping,0
8086169849,Edhitha Sheth,Rachana Varughese,edhitha7801@okkotak,26778.92,Pending,Loan Repayment,0
3261584386,Veda Narang,Gayathri Jha,veda7793@okbob,13361.83,Success,Friend Transfer,0
6494009121,Laksh Varughese,Robert Mukhopadhyay,laksh8162@ybl,31652.77,Success,Gift Payment,0
7265304580,William Pandya,Umang Muni,william3375@paytm,34242.84,Pending,Merchant Payment,0
8773571464,Chandresh Hari,Advaith Shan,chandresh1288@okbob,265019.25,Failed,Online Shopping,1
7467015635,Chakradev Shanker,Ekapad Oak,chakradev2425@okpnb,48280.89,Failed,Salary Transfer,0
1035040402,Neha Sehgal,Logan Pingle,neha9186@oksbi,22514.21,Pending,Subscription,0
2604430822,Ayush Bajaj,Oliver Palla,ayush2653@oksbi,82316.78,Failed,Subscription,1
8868425442,Avi Dey,Hemal Bajaj,avi5064@okbob,34482.56,Success,Loan Repayment,0
5019931206,Urmi Sarkar,Zarna Pant,urmi2106@okicici,28300.3,Failed,Friend Transfer,0
6124225575,Simon Narang,Vyanjana Toor,simon6963@ybl,23339.72,Failed,Bill Payment,0
9430061362,Nakul Sridhar,Ekaraj Master,nakul1716@paytm,21414.74,Failed,Loan Repayment,0
2394380376,Harsh Walia,Rachita Palla,harsh4855@paytm,32720.84,Pending,Salary Transfer,0
9452031534,Yashoda Dugar,Akshay Baral,yashoda2134@okicici,39380.54,Failed,Merchant Payment,0
4178678240,Tanish Subramanian,Megha Tara,tanish3177@okkotak,16489.59,Success,Salary Transfer,0
6297383958,Quincy Chaudhari,Rayaan Ranganathan,quincy8870@okaxis,35652.82,Failed,Merchant Payment,0
5839643609,Edhitha Kaul,Nathan Ahuja,edhitha1375@okkotak,32617.9,Pending,Gift Payment,0
8504383573,Shaurya Nori,Jacob Chana,shaurya8034@okicici,193134.27,Failed,Subscription,1
8251311794,Reva Ravi,Nakul Biswas,reva9005@okaxis,42105.81,Success,Bill Payment,0
2450332262,Unnati Pradhan,Robert Mallick,unnati6051@ybl,804.2,Pending,Friend Transfer,0
1187690523,Neelima Grover,Jai Kunda,neelima3817@okhdfcbank,3158.2,Pending,Loan Repayment,0
9846921479,Wahab Chandran,Joshua Gade,wahab1574@okkotak,31428.78,Pending,Salary Transfer,0
9503590550,Rajata Gole,Varsha Prabhakar,rajata4912@okaxis,46387.6,Failed,Subscription,0
8991062119,Aayush Saini,Aahana Choudhury,aayush3533@paytm,9652.13,Pending,Merchant Payment,0
8723072767,Harita Thaman,Champak Deo,harita5847@okpnb,20255.07,Failed,Friend Transfer,0
4660595604,Jai Gopal,Sudiksha Dubey,jai3593@upi,761.49,Failed,Bill Payment,0
5685623217,Falguni Chadha,Gaurang Date,falguni6899@okpnb,19977.41,Pending,Gift Payment,0
1930387147,Adweta Prabhakar,Harini Varma,adweta3506@okicici,12184.39,Pending,Merchant Payment,0
1053117646,Saksham Chakraborty,Pahal Parmer,saksham2586@oksbi,12263.91,Pending,Friend Transfer,0
1022831691,Faraj Chawla,Aadhya Bhalla,faraj9597@okicici,39544.31,Failed,Gift Payment,0
4954678191,Joshua Edwin,Wyatt Seth,joshua4378@upi,1994.81,Failed,Friend Transfer,0
7669915663,Ira Dayal,Ganga Ramaswamy,ira1755@upi,35793.09,Pending,Loan Repayment,0
7618755273,Kritika Rajan,Azaan Kurian,kritika2622@ybl,31206.62,Success,Merchant Payment,0
8931838241,Widisha Tripathi,Tristan Kaur,widisha3306@okpnb,41352.01,Failed,Gift Payment,0
2360827578,Ekapad Nori,Advay Kari,ekapad1176@okicici,45988.22,Failed,Gift Payment,0
9979715108,Warinder Master,Oscar Bora,warinder2446@okicici,44719.27,Success,Gift Payment,0
6799715540,Ayushman Chowdhury,Ishaan Sarma,ayushman1223@okbob,42119.0,Success,Bill Payment,1
6917452961,Balveer Nadkarni,Chaaya Sule,balveer4461@okbob,42912.53,Failed,Gift Payment,0
6311430943,Frederick Mandal,Indali Naidu,frederick5116@okhdfcbank,38106.31,Pending,Online Shopping,0
9495276644,Zarna Kala,Vincent Comar,zarna4577@oksbi,10512.21,Pending,Subscription,0
5623308586,Aayush Jayaraman,Aarnav Palla,aayush1497@ybl,26124.0,Pending,Salary Transfer,0
9847734624,Kevin Venkataraman,Ishwar Deol,kevin9198@upi,39384.76,Success,Salary Transfer,0
5826112115,Eta Andra,Zarna Verma,eta3830@okaxis,28300.37,Pending,Friend Transfer,0
8728963271,Onveer Keer,Gaurika Bains,onveer7793@okaxis,15203.97,Pending,Loan Repayment,0
7096750703,Wridesh Tank,Anya Narayan,wridesh5464@upi,1584.2,Success,Merchant Payment,0
9882058554,Falak Mohanty,Fitan Mall,falak2264@okkotak,3662.09,Failed,Merchant Payment,0
7884435037,Warhi Patla,Radha Sachdev,warhi7667@okhdfcbank,37492.72,Pending,Salary Transfer,0
9503940671,Farhan Agrawal,Bimala Garg,farhan3313@okicici,40892.04,Pending,Subscription,0
9127865202,Prisha Narayanan,Urvi Ramakrishnan,prisha4301@okbob,10960.0,Pending,Gift Payment,1
6404211045,Bhavya Deep,Falguni Kumar,bhavya5894@okaxis,2124.43,Failed,Salary Transfer,1
9871120367,Ranveer Kadakia,Girish Sura,ranveer3487@okhdfcbank,10593.55,Pending,Gift Payment,0
2798637605,Darika Bath,Lakshmi Bora,darika4619@okhdfcbank,17385.98,Success,Gift Payment,0
9586104095,Raghav Acharya,Hritik Ramaswamy,raghav5907@oksbi,21342.02,Pending,Bill Payment,0
2479449568,Girish Misra,Laksh Barad,girish3903@okbob,15985.4,Failed,Loan Repayment,0
3529019122,Eshana Grover,Eshana Bhavsar,eshana5074@paytm,2747.66,Pending,Merchant Payment,0
1751050368,Vanya Bala,Bhavini Tara,vanya6559@okkotak,29370.8,Success,Friend Transfer,0
1839054071,Aditya Chaudry,Arjun Nair,aditya2879@okhdfcbank,5216.8,Pending,Merchant Payment,0
7865474988,Mitesh Bhattacharyya,Chavvi Golla,mitesh3756@okicici,31557.17,Success,Friend Transfer,0
2249046640,Gopal Jaggi,Zaid Randhawa,gopal1367@ybl,46051.89,Pending,Bill Payment,0
6391624294,Sanya Kale,Abeer Sengupta,sanya9304@okaxis,28919.17,Pending,Loan Repayment,0
8190759811,Udyati Sheth,Anay Savant,udyati2707@upi,41006.04,Success,Loan Repayment,0
4478933440,Divya Shah,Nidhi Kata,divya4997@okicici,25692.1,Pending,Loan Repayment,0
3002167033,Guneet Deol,Viraj Rout,guneet6652@okicici,24938.17,Failed,Friend Transfer,0
6023997331,Abeer Sethi,Ansh Kashyap,abeer2078@upi,41508.91,Failed,Salary Transfer,0
1455871500,Wazir Varughese,Samarth Khalsa,wazir3785@ybl,42118.95,Failed,Online Shopping,0
3529198312,Agastya Sandal,Gaurangi Char,agastya1469@upi,45130.09,Pending,Loan Repayment,0
6895396745,Samarth Gour,Vanya Choudhury,samarth7414@upi,42108.52,Failed,Loan Repayment,0
6789841689,Harinakshi Reddy,Jeet Wali,harinakshi1178@okicici,35542.0,Failed,Online Shopping,0
1626536496,Nimrat Tak,Ekapad Dua,nimrat8283@okbob,29988.72,Pending,Gift Payment,0
1343109794,Ridhi Shanker,Kevin Gill,ridhi5599@okaxis,17060.49,Pending,Loan Repayment,0
5099576948,Jonathan Dass,Amaira Sawhney,jonathan3419@paytm,16815.43,Pending,Salary Transfer,0
4395255022,Onveer Khosla,Zashil Oommen,onveer8471@okicici,15338.15,Success,Merchant Payment,0
6113855488,Aradhana Dave,Harshil Upadhyay,aradhana2875@ybl,16284.89,Failed,Bill Payment,0
8533374443,Lakshmi Kibe,Mahika Panchal,lakshmi8381@paytm,29167.05,Pending,Gift Payment,0
1708586043,Lila Gopal,Bishakha Narasimhan,lila1416@ybl,16165.39,Success,Loan Repayment,0
4102888549,Inaya Bassi,Ekta Agate,inaya5242@ybl,14742.47,Failed,Subscription,0
6327852616,Kiaan Sarraf,Anvi Deol,kiaan3759@oksbi,19312.44,Pending,Gift Payment,0
9372602120,Pushti Sastry,Bhavya Palan,pushti8238@okaxis,32003.66,Failed,Online Shopping,0
8518921464,Harita Seth,Pushti Bobal,harita9047@okbob,29261.34,Pending,Merchant Payment,0
8592514789,Triya Prakash,Pranav Hayre,triya1831@okbob,27136.48,Success,Gift Payment,0
9153891428,Ayushman Kothari,Krishna Chaudhary,ayushman8478@upi,56201.82,Success,Bill Payment,1
9788388921,Girindra Mody,Xiti Sheth,girindra1775@ybl,27060.84,Success,Gift Payment,0
6782250417,Kalpit Cherian,Vansha Natarajan,kalpit6228@okbob,35741.47,Failed,Friend Transfer,0
2615127955,Yashvi Goda,Tejas Joshi,yashvi7201@upi,48248.54,Pending,Loan Repayment,0
9900578874,Anjali Vora,Ayush Patla,anjali1162@upi,4667.78,Success,Subscription,0
9077382540,Zayan Sachdev,Anay Padmanabhan,zayan8869@oksbi,23500.69,Pending,Gift Payment,0
3359146454,Chatura Krishna,Orinder Thaman,chatura3148@okaxis,49367.74,Pending,Loan Repayment,0
7179183657,Banjeet Saxena,Teerth Subramaniam,banjeet4017@upi,20854.35,Failed,Online Shopping,0
2728238632,Dhruv Ahluwalia,Jeevika Wadhwa,dhruv2183@okkotak,49426.36,Failed,Merchant Payment,0
7930611121,Ladli Mani,Elijah D’Alia,ladli1354@okkotak,4988.86,Pending,Bill Payment,0
3757147427,Chakradhar Venkataraman,Eesha Sibal,chakradhar8900@oksbi,2046.2,Pending,Online Shopping,0
2205497793,Ekaja Chadha,Bhavika Talwar,ekaja6091@okkotak,5175.79,Failed,Loan Repayment,0
4635782986,William Chawla,Tripti Prashad,william6408@okicici,13523.02,Success,Bill Payment,0
3513113055,Sai Baria,Kritika Kothari,sai7298@okaxis,49573.28,Failed,Friend Transfer,0
9040353730,Aashi Dara,Ayushman Chopra,aashi5099@okaxis,3599.77,Pending,Friend Transfer,0
9563323039,Kala Jain,Ikbal Lall,kala5389@okkotak,6434.54,Pending,Gift Payment,0
4990456185,Mitesh Deol,Janaki Sant,mitesh6645@okpnb,12441.47,Failed,Online Shopping,0
9722849194,Ekta Rajan,Chameli Venkatesh,ekta8862@okicici,20581.55,Pending,Friend Transfer,0
2364352257,Suhani Contractor,Qarin Ahluwalia,suhani4721@okbob,21163.0,Pending,Loan Repayment,0
7944939328,Jagat Kapur,Jason Arora,jagat2979@ybl,952.87,Success,Salary Transfer,0
4710897970,Vrinda Chowdhury,Upma Sahota,vrinda9655@upi,14578.75,Success,Merchant Payment,0
3936456699,Anmol Madan,Unni Sarraf,anmol3536@okicici,23724.64,Success,Online Shopping,0
4339036965,Alexander Balay,Aarini Devan,alexander2827@okpnb,17345.09,Failed,Friend Transfer,0
8531702625,Qasim Majumdar,Reyansh Naik,qasim7350@okpnb,29512.26,Failed,Gift Payment,0
3798775151,Hemang Zacharia,Qadim Banik,hemang2096@okkotak,9239.17,Failed,Subscription,0
5051449960,Madhav Yogi,Oliver Sani,madhav1381@okaxis,28852.66,Pending,Friend Transfer,0
8089032421,Matthew Munshi,Guneet Ahuja,matthew9878@paytm,26032.39,Pending,Bill Payment,0
9427488809,Harrison Nagar,Isaac Sandal,harrison9399@ybl,27656.89,Failed,Merchant Payment,0
6562144148,Pranav Bobal,Jeevika Chadha,pranav3583@okaxis,21515.56,Failed,Subscription,0
6868550901,Ati Mall,Chasmum Gandhi,ati8609@okbob,41893.07,Failed,Merchant Payment,0
9701335888,Kiaan Bandi,Balvan Krish,kiaan1404@ybl,3049.16,Pending,Online Shopping,0
2480342466,Advay Yogi,Nandini Goda,advay1913@okkotak,5840.71,Success,Salary Transfer,0
5823879127,Vyanjana Jhaveri,Vritti Krishna,vyanjana5522@oksbi,4116.44,Success,Bill Payment,0
1422510164,Agastya Dhar,Amrita Dewan,agastya5540@upi,41836.63,Success,Friend Transfer,0
4011442410,Jack Chandra,Wazir Parekh,jack1767@okhdfcbank,12800.98,Pending,Salary Transfer,0
9701841503,Utkarsh Srinivas,Ganga Deo,utkarsh5364@okkotak,45709.62,Pending,Loan Repayment,0
1336715852,Benjamin Malhotra,Omisha Badal,benjamin9586@okicici,44510.87,Failed,Merchant Payment,0
1068423353,Balvan Mahal,Bhavya Dass,balvan1440@okbob,3142.16,Failed,Online Shopping,0
9311873573,Gagan Mangal,Nihal Pillay,gagan9124@paytm,45315.38,Failed,Loan Repayment,0
5181910358,Priya Khalsa,Lajita Deol,priya5876@okkotak,25229.1,Success,Salary Transfer,0
2605386719,Yashvi Shetty,Orinder Mukherjee,yashvi8086@okpnb,2438.0,Pending,Merchant Payment,0
1830699376,Vansha Pillay,Aarini Dewan,vansha8463@upi,16901.01,Pending,Bill Payment,0
3297049559,Chandani Sant,Laksh Yadav,chandani8791@oksbi,3195.89,Success,Online Shopping,0
4631901375,Triveni De,Bina Bawa,triveni7607@okaxis,20504.39,Pending,Merchant Payment,0
4409387481,Maanav Krishnan,Prisha Yogi,maanav8371@okkotak,11437.77,Success,Online Shopping,0
5194794613,Atharv Raju,Alexander Nadig,atharv8032@okicici,7320.57,Pending,Subscription,0
1010725256,Charvi Vig,Baghyawati Kannan,charvi7534@okpnb,15841.61,Failed,Merchant Payment,0
2978845600,Rajeshri Behl,Krishna Mishra,rajeshri3180@okkotak,12564.15,Failed,Loan Repayment,0
3699008814,Nathaniel Iyengar,Samuel Aurora,nathaniel6476@paytm,18622.06,Pending,Online Shopping,1
2100773105,Azad Shan,Dalbir Subramanian,azad6523@upi,12014.82,Failed,Online Shopping,0
5752943512,Warhi Kalita,Januja Khurana,warhi9648@okbob,220163.04,Success,Gift Payment,1
5309895300,Vihaan Soman,Kavya Varty,vihaan1716@okkotak,22469.53,Success,Friend Transfer,0
1620880003,Upasna Naidu,Vamakshi Hayre,upasna9181@okkotak,44176.99,Success,Salary Transfer,0
3489611861,Robert Upadhyay,Umang Cherian,robert6433@okkotak,42358.41,Failed,Bill Payment,0
6721202557,Vidhi Nagarajan,Yuvraj Zachariah,vidhi5351@okaxis,14944.5,Success,Friend Transfer,0
1606202472,Chandani Bose,Edhitha Bassi,chandani7863@oksbi,163824.53,Failed,Merchant Payment,1
1099052300,Mugdha Chahal,Vasudha Khalsa,mugdha8733@okkotak,30685.51,Success,Gift Payment,0
7201042944,Chanchal Behl,Gauri Varughese,chanchal4927@okicici,46611.99,Success,Salary Transfer,0
9692034799,Jagrati Gera,Lila Pant,jagrati4988@okkotak,34210.29,Failed,Friend Transfer,0
7263701726,Nimrat Sastry,Amol Munshi,nimrat8899@ybl,12292.73,Failed,Friend Transfer,0
2032160375,Nimrat Chadha,Vedant Bahri,nimrat7311@paytm,38566.42,Success,Bill Payment,0
9530246211,Unni Narasimhan,Banjeet Seshadri,unni7083@okaxis,44886.08,Failed,Bill Payment,0
5908561021,Qasim Lall,Akshay Sharaf,qasim2249@okaxis,7510.63,Failed,Online Shopping,0
4865254667,Dayita Dar,Unnati Shetty,dayita3985@okicici,8192.54,Failed,Bill Payment,0
4414111371,Netra Gill,Chaitaly Kota,netra1528@upi,12025.39,Success,Subscription,0
9137829400,Tripti Thaker,Aarna Kata,tripti4597@upi,7905.33,Pending,Gift Payment,0
7863230553,Jeevika Parikh,Ubika Khurana,jeevika9777@okkotak,43987.31,Failed,Gift Payment,0
2253563701,Ansh Radhakrishnan,Hardik Rama,ansh6934@oksbi,14791.66,Success,Subscription,0
8546811168,Tanveer Sankaran,Urvi Tailor,tanveer3373@okaxis,8111.84,Pending,Friend Transfer,0
7673269075,Ekaja Goda,Lopa Thaker,ekaja5400@upi,67123.12,Pending,Salary Transfer,1
3068470465,Oeshi Chokshi,Benjamin Ahluwalia,oeshi2941@oksbi,2874.14,Success,Merchant Payment,0
9594590598,Nitesh Kala,Anjali Tara,nitesh9079@okkotak,2909.35,Success,Loan Repayment,0
6126292374,Mohini Chadha,Tanay Verma,mohini2816@ybl,18457.55,Pending,Subscription,0
7711090649,Anjali Khurana,Ati Toor,anjali5662@oksbi,37103.07,Failed,Loan Repayment,0
4181874396,Wyatt Bhagat,Shivansh Nadkarni,wyatt4858@okicici,28399.14,Pending,Friend Transfer,0
3784356818,William Srivastava,Aarnav Barad,william9658@okaxis,40016.28,Pending,Friend Transfer,0
3509203998,Rajeshri Maharaj,Neel Bawa,rajeshri4611@oksbi,20280.01,Pending,Subscription,0
3336722664,Sanaya Bobal,Elijah Kapoor,sanaya8460@oksbi,8061.38,Pending,Gift Payment,0
3540500450,Unnati Mangat,Ekansh Minhas,unnati4811@okkotak,36695.14,Failed,Gift Payment,0
9334714017,Yuvraj Yohannan,Omya Pall,yuvraj3296@okhdfcbank,22327.98,Pending,Friend Transfer,0
8798093628,Hemang Raman,Jai Bhalla,hemang7114@okicici,42933.42,Success,Subscription,0
5752304244,Jalsa Dhar,Ekbal Borde,jalsa8673@paytm,41324.05,Failed,Salary Transfer,0
6894903097,Hemang Choudhry,Vivaan Mukhopadhyay,hemang1894@okaxis,48740.24,Pending,Loan Repayment,0
6993476093,Saumya Naik,Bhavna Roy,saumya8512@ybl,37874.79,Pending,Salary Transfer,0
1147090985,Unni Agrawal,Gautami Edwin,unni4373@ybl,27187.11,Success,Bill Payment,0
5133827976,Advaith Rana,Barkha Seshadri,advaith5299@okkotak,9970.71,Success,Merchant Payment,0
5484717092,Vedhika Barad,Shivani Jani,vedhika4557@upi,102451.36,Success,Online Shopping,1
7020482826,Jason Bedi,Rohan Anne,jason3664@upi,8427.33,Failed,Friend Transfer,0
2955518258,Harish Andra,Ishita Agrawal,harish6983@okaxis,5284.61,Failed,Friend Transfer,0
8390838236,Bhavika Das,Aditya Karpe,bhavika3131@okicici,5032.98,Failed,Loan Repayment,0
6396516142,Ekanta Saxena,Lipika Shere,ekanta1738@paytm,7919.75,Pending,Salary Transfer,0
4320775863,Yahvi Wason,Qarin Dugal,yahvi8905@paytm,31073.67,Success,Friend Transfer,1
2942346657,Ishita Vohra,Karan Bath,ishita1561@oksbi,36748.24,Success,Gift Payment,0
2122129304,Gaurika Shetty,Maya Narula,gaurika9853@okicici,2418.04,Pending,Subscription,0
6926653681,Aarav Arora,Keya Thakur,aarav8993@okhdfcbank,23346.44,Pending,Friend Transfer,0
6775097133,Yashawini Lanka,Indali Badal,yashawini2954@ybl,31784.25,Failed,Online Shopping,0
1770268651,Orinder Thakur,Nimrat Handa,orinder5402@ybl,11920.73,Success,Online Shopping,0
8731946187,Qushi Kara,Chandani Pradhan,qushi9875@okbob,16533.83,Pending,Gift Payment,0
9326406373,Ekavir Chhabra,Chakrika Sankaran,ekavir1756@upi,46557.11,Pending,Salary Transfer,0
6884146097,Manthan Kuruvilla,Damyanti Gill,manthan6129@okkotak,21731.37,Failed,Subscription,0
6237832819,Diya Sama,Anmol Batta,diya3394@upi,34166.25,Pending,Gift Payment,0
9416898365,Raagini Pau,Manan Dada,raagini9967@oksbi,23321.51,Failed,Bill Payment,0
6758387987,Mitesh Gala,Karan Pai,mitesh8537@okpnb,41824.63,Failed,Merchant Payment,0
7439048550,Nandini Ganesan,Dhruv Ganguly,nandini7842@paytm,8567.83,Pending,Salary Transfer,0
5497967752,Gayathri Pradhan,Ekta Kuruvilla,gayathri8923@upi,36953.52,Success,Salary Transfer,0
5714621760,Naveen Grewal,Faras Pandya,naveen9374@okicici,48738.1,Failed,Loan Repayment,0
1541799671,Aayush Narain,Rajeshri Gupta,aayush9174@okbob,34797.09,Failed,Gift Payment,0
8265609944,Samuel Din,Sanya Jhaveri,samuel3270@oksbi,44459.4,Pending,Merchant Payment,0
2137561114,Fariq Chada,Meghana Raju,fariq1112@paytm,6321.18,Failed,Loan Repayment,0
7519659913,Bishakha Sandal,Ekbal Dasgupta,bishakha1319@ybl,7916.24,Success,Bill Payment,0
7766472387,Alexander Ramachandran,Oliver Sem,alexander1170@paytm,15397.21,Success,Gift Payment,0
2581683970,Saumya Upadhyay,Veda Thakkar,saumya9429@okpnb,32263.61,Pending,Salary Transfer,0
4007800370,Finn Ahuja,Frederick Tank,finn3675@okkotak,35608.76,Pending,Loan Repayment,0
6742779445,Rishi Dewan,Zehaan Sidhu,rishi3878@okaxis,47688.8,Pending,Subscription,0
4470939799,Shravya Chaudhari,Ekapad Bava,shravya9216@okkotak,31773.37,Failed,Merchant Payment,0
7093942803,Max Bhavsar,Ridhi Vala,max1156@upi,31958.75,Failed,Subscription,0
5919778479,Jeet Hegde,Aashi Dave,jeet6044@oksbi,28924.64,Pending,Friend Transfer,0
7807227490,Gaurang Halder,Simon Tata,gaurang3187@okkotak,26526.29,Success,Bill Payment,0
4574191092,Imaran Mody,Falak Buch,imaran3273@okbob,28128.21,Failed,Merchant Payment,0
6592008120,Gagan Kota,Tanvi Devan,gagan6689@ybl,25180.46,Pending,Loan Repayment,0
1354600066,Faqid Chhabra,Charles Mistry,faqid5033@okkotak,13379.73,Success,Friend Transfer,0
9517018761,Wahab Patla,Ryan Lanka,wahab8786@okpnb,7717.01,Success,Gift Payment,0
8510006285,Patrick Gopal,Girish Kala,patrick6600@okkotak,48478.0,Success,Subscription,0
5427314346,Jack Krishna,Yoshita Ghose,jack1490@oksbi,13255.2,Success,Bill Payment,0
4290586375,Balendra Chaudhry,Yatin Loyal,balendra7827@ybl,5405.28,Failed,Subscription,0
2510912921,Raksha Parekh,Wishi Mahal,raksha2981@okicici,23148.64,Success,Salary Transfer,0
6442620892,Manan Kuruvilla,Ronith Ghose,manan7748@okicici,14101.74,Success,Merchant Payment,0
3289919367,Urvi Shere,Udyati Luthra,urvi5746@okaxis,28881.76,Pending,Salary Transfer,0
9981732195,Yochana Dubey,Jyoti Gandhi,yochana1140@okicici,5585.25,Failed,Subscription,0
2844593122,Aradhana Pau,Ekansh Sankaran,aradhana3435@okaxis,13319.61,Failed,Salary Transfer,0
8730156239,Chandresh Sarma,Chakrika Goda,chandresh3615@okicici,7288.98,Pending,Merchant Payment,1
6374642093,Kai Chaudhari,Yashasvi Batta,kai9184@okhdfcbank,29334.73,Failed,Friend Transfer,0
2597336018,Lakshmi Lanka,Ishaan Kumer,lakshmi9361@okhdfcbank,40947.18,Pending,Gift Payment,0
5876810635,Neha Uppal,Gaurika Dhar,neha3085@okpnb,2209.53,Success,Friend Transfer,0
4770862819,Netra Tak,Ayush Prakash,netra3769@okbob,40981.86,Pending,Online Shopping,0
4875510362,Yasti Ravel,Chanakya Chandra,yasti3034@paytm,38403.91,Failed,Merchant Payment,0
6106048076,Noah Nagi,Zilmil Krish,noah4556@paytm,27640.3,Pending,Loan Repayment,0
8205157205,Dhruv Choudhry,Baghyawati Rastogi,dhruv7850@okkotak,13350.41,Pending,Subscription,0
3979790424,Alexander Dugar,Harshil Loyal,alexander7052@okpnb,16969.43,Failed,Gift Payment,0
7946076564,Urishilla Dhaliwal,Charles Dara,urishilla6581@ybl,9891.41,Failed,Gift Payment,0
9883298420,Bhavani Wason,Harinakshi Dhingra,bhavani8579@paytm,14922.62,Failed,Loan Repayment,0
5145721810,Gagan Arora,Quincy Keer,gagan5177@okhdfcbank,28902.7,Pending,Friend Transfer,0
4734432341,Sanaya Kakar,Reva Bhasin,sanaya2297@okkotak,10614.19,Pending,Loan Repayment,0
7743856945,Laksh Hayre,Xavier Natt,laksh9375@oksbi,11259.26,Success,Gift Payment,0
7464279258,Ganga Kala,Hema Shenoy,ganga7020@okicici,35139.58,Pending,Gift Payment,0
7673511766,Riya Rajagopal,Vyanjana Mane,riya9307@okaxis,6860.27,Failed,Bill Payment,0
9998543745,Ganga Loyal,Hemang Sridhar,ganga7565@okaxis,34977.35,Success,Subscription,0
9643399486,Anvi Lalla,Banjeet Gola,anvi3867@okhdfcbank,13469.37,Success,Loan Repayment,0
2065235467,Harini Morar,Vanya Rout,harini2331@upi,8603.86,Success,Gift Payment,0
7660473320,Jeremiah Din,Janaki Sawhney,jeremiah9367@upi,11920.31,Pending,Merchant Payment,0
2659212572,Zashil Yohannan,Baghyawati Bansal,zashil7684@okaxis,45956.0,Failed,Subscription,0
1292265350,Ishaan Patel,Jatin Kumer,ishaan7728@okaxis,7959.94,Failed,Online Shopping,0
7533780133,Reyansh Morar,Aarna Basak,reyansh7906@okbob,18623.89,Pending,Salary Transfer,0
6921501221,Urmi Khare,Harini Swamy,urmi2583@okbob,31631.17,Pending,Gift Payment,1
7895569076,Sudiksha Hayer,Ekanta Parmer,sudiksha1319@okkotak,25058.61,Success,Merchant Payment,0
6344450315,Wahab Bhasin,Jagrati Barad,wahab4414@okicici,48437.42,Failed,Loan Repayment,0
1128565134,Yuvraj Chauhan,Vincent Bal,yuvraj1278@ybl,37210.61,Success,Friend Transfer,0
2525489264,Nihal Trivedi,Jatin Venkatesh,nihal2459@okkotak,40919.21,Success,Gift Payment,0
9818659028,Megha Kumar,Ojasvi Gola,megha5778@paytm,13667.74,Pending,Loan Repayment,0
4260967210,Siya Dubey,Eshana Balay,siya9362@okbob,4552.07,Failed,Online Shopping,0
2019487966,Gautam Shan,Amruta Deep,gautam7371@okkotak,18121.78,Success,Loan Repayment,0
6957816244,Deepa Guha,Wridesh Dhillon,deepa5200@ybl,37484.54,Failed,Online Shopping,0
2071051318,Shivani Madan,Udarsh Desai,shivani1577@okaxis,21725.56,Pending,Friend Transfer,0
8092551914,Vincent Arya,Bimala Garg,vincent2869@okicici,23139.62,Failed,Salary Transfer,0
6011207607,Ladli Sanghvi,Oni Agarwal,ladli5976@okaxis,3852.93,Success,Merchant Payment,0
2608417849,Ria Shah,Ekansh Mane,ria4118@okkotak,48632.19,Success,Gift Payment,0
6075393878,Falan Jayaraman,Balendra Sem,falan8379@okkotak,26602.89,Pending,Friend Transfer,0
5627544743,Chasmum Mohanty,Tanish Talwar,chasmum7857@ybl,31249.41,Failed,Loan Repayment,0
8766715655,Yashasvi Rout,Logan Keer,yashasvi5621@okicici,36264.59,Failed,Salary Transfer,0
7837666685,Chatresh Bal,Daksha Oommen,chatresh1354@okicici,133279.52,Pending,Merchant Payment,1
5520920307,Nidhi Krishnamurthy,Harish Munshi,nidhi3376@okpnb,47908.44,Failed,Gift Payment,0
7032231836,Baljiwan Panchal,Yoshita Sodhi,baljiwan6604@paytm,8489.11,Pending,Gift Payment,0
1630626126,Hema Sunder,Neelima Lal,hema5355@okbob,31183.13,Pending,Loan Repayment,0
8618240184,Eta Bhakta,Chaitanya Kumer,eta7652@okbob,7731.67,Success,Online Shopping,0
1722263438,Patrick Sankaran,Mohammed Raju,patrick2776@okaxis,3242.3,Pending,Bill Payment,0
8614011733,Daniel Balay,Siddharth Taneja,daniel9430@okicici,22920.55,Pending,Online Shopping,0
7287471506,Abhiram Ramesh,Nachiket Solanki,abhiram1641@okbob,13429.77,Failed,Bill Payment,0
2061105631,Pahal Doctor,Advika Bawa,pahal7594@okbob,9749.16,Failed,Gift Payment,0
6835733704,Inaya Char,Jhalak Mall,inaya7097@okhdfcbank,26711.13,Failed,Gift Payment,0
1984519632,Anthony Naik,Matthew Sharma,anthony9380@paytm,13005.67,Success,Online Shopping,0
8890661280,Eshana Subramaniam,Tanish Chandran,eshana5823@paytm,25278.51,Pending,Bill Payment,0
6516127322,Warjas Bandi,Siya Toor,warjas1961@okkotak,49619.33,Success,Online Shopping,0
5374971822,Ikbal More,Pranit Golla,ikbal7336@okbob,43189.97,Failed,Online Shopping,0
6239852071,Anthony Bhakta,Tejas Khatri,anthony5963@okicici,38039.14,Pending,Bill Payment,0
1783742730,Anirudh Boase,Frederick Subramanian,anirudh5278@okkotak,4649.65,Failed,Friend Transfer,0
4774325362,Priya Ramakrishnan,Aashi Subramanian,priya3943@upi,31722.04,Failed,Friend Transfer,0
4943831350,Ishani Thakur,Yashoda Mital,ishani5591@oksbi,43021.27,Success,Salary Transfer,1
2931539940,Kevin Vyas,Jairaj Krishnamurthy,kevin8607@okicici,42390.81,Failed,Subscription,0
6924522726,Charvi Madan,Aryan Bhandari,charvi7395@upi,5638.75,Pending,Online Shopping,0
4056155247,Aarna Khanna,Om Patel,aarna4794@oksbi,10193.42,Pending,Loan Repayment,0
1417793044,Farhan Edwin,Vanya Hayre,farhan8070@okhdfcbank,46613.9,Success,Salary Transfer,0
2024310862,Charvi Krishnamurthy,Kashish Sood,charvi5259@okhdfcbank,9027.77,Success,Friend Transfer,0
3596479005,Qadim Bera,Netra Sami,qadim9472@oksbi,3028.59,Pending,Loan Repayment,0
4480045516,Eshana Edwin,Girish Wagle,eshana2556@okkotak,11070.97,Pending,Salary Transfer,0
5368488393,Jhalak Nadkarni,Shivansh Sodhi,jhalak8037@paytm,3954.68,Failed,Gift Payment,0
7026111048,Chakradhar Seshadri,Meera Sengupta,chakradhar7178@okicici,16168.07,Success,Gift Payment,0
2889071636,Vrinda Nair,Pranit Bajwa,vrinda9279@okpnb,43807.02,Pending,Gift Payment,0
4833084777,Xalak Subramaniam,Chanchal Kalita,xalak3377@paytm,25869.98,Success,Online Shopping,0
2910033239,Charita Yadav,Lakshmi Solanki,charita8908@ybl,9736.61,Failed,Loan Repayment,0
6007636741,Upkaar Sami,Jairaj Chauhan,upkaar3863@okhdfcbank,18647.61,Failed,Online Shopping,0
9192172434,Gayathri Kuruvilla,Bhavini Anne,gayathri6193@okicici,9045.78,Failed,Subscription,0
1886155556,Vansha Keer,Vidhi Sura,vansha5016@okaxis,48139.42,Failed,Merchant Payment,0
9214894375,Udant Suri,Hema Krish,udant4106@okbob,48808.65,Success,Subscription,0
5637514994,Zilmil Tata,Ishaan Boase,zilmil8268@upi,37078.38,Success,Subscription,0
7842884925,Abhimanyu Sule,Jonathan Atwal,abhimanyu4062@okkotak,27198.72,Success,Salary Transfer,0
1642287473,Sudiksha Chaudhry,Bhavya Jaggi,sudiksha6117@okkotak,48993.23,Pending,Loan Repayment,0
4044278227,Kiaan Manda,Ishaan Seth,kiaan5994@ybl,44136.7,Failed,Subscription,0
5229212808,Osha Pathak,Ekani Mohanty,osha5569@okhdfcbank,6999.74,Pending,Online Shopping,0
2588248835,Aashi Sandal,Vedhika Krishnamurthy,aashi2822@okbob,118525.67,Success,Bill Payment,1
4328234715,Mitali Sachdeva,Rudra Bir,mitali7629@okicici,11303.67,Pending,Salary Transfer,0
5006646962,Bhavani Tak,Amrita Madan,bhavani3570@okaxis,17436.33,Failed,Friend Transfer,0
4876056986,Jairaj Om,Urishilla Kalita,jairaj4129@okpnb,14230.81,Success,Loan Repayment,0
5389856604,Robert Brahmbhatt,Rehaan Bhatia,robert5170@oksbi,49342.43,Success,Salary Transfer,0
3791246644,Aayush Sarin,Amaira Arya,aayush5010@ybl,8999.52,Success,Online Shopping,0
5764144639,Chatresh Naik,Chaaya Rege,chatresh5147@okpnb,23579.69,Success,Merchant Payment,0
7044130522,Yashoda Agarwal,Xiti Prakash,yashoda5520@okicici,2792.63,Success,Friend Transfer,0
4361390414,Zilmil Bhatnagar,Kamya Jain,zilmil7741@okhdfcbank,47106.52,Success,Friend Transfer,0
5371263972,Yashasvi Baria,Mohammed Raja,yashasvi9850@ybl,35148.22,Success,Loan Repayment,0
3528765761,Balhaar Soman,Hemangini Hegde,balhaar8295@okbob,35061.04,Failed,Salary Transfer,0
9482534382,Chakradhar Mahal,Urvi Prabhakar,chakradhar6066@ybl,2351.21,Success,Salary Transfer,0
9127435471,Aayush Ganesan,Charles Kakar,aayush9055@ybl,7132.73,Success,Friend Transfer,0
6008791290,Qushi Ganguly,Aadhya Jhaveri,qushi7196@paytm,34638.97,Failed,Friend Transfer,0
7951039776,Anthony Talwar,Barkha Divan,anthony3438@paytm,33186.14,Failed,Loan Repayment,0
2976187767,Owen Kohli,Advika Palla,owen6869@okbob,10520.38,Pending,Merchant Payment,0
1091558053,Gautami Batta,Panini Grewal,gautami9034@oksbi,895.5,Failed,Loan Repayment,0
3883988410,Rehaan Maharaj,Kamya Dani,rehaan4784@okhdfcbank,7891.26,Pending,Gift Payment,0
9712123316,Lakshmi Morar,Odika Ray,lakshmi1879@oksbi,19119.24,Success,Bill Payment,0
7145555086,Avni Balan,Forum Mittal,avni6494@ybl,2988.67,Failed,Online Shopping,0
7649348418,Libni Issac,Ayush Nagar,libni4271@upi,29127.01,Failed,Salary Transfer,0
7146686069,Rushil Brahmbhatt,Janya Hayer,rushil3307@okaxis,25548.36,Pending,Bill Payment,0
6330479744,Yutika Pillay,Guneet Merchant,yutika6756@okbob,19618.71,Failed,Salary Transfer,0
3989618626,Bishakha Patla,Harish Sharaf,bishakha4151@upi,34080.57,Failed,Online Shopping,0
6888024659,Isha Andra,Raagini Magar,isha4621@upi,27675.33,Success,Gift Payment,0
2634107185,Timothy Sule,Anmol Nanda,timothy5692@okhdfcbank,46016.64,Pending,Online Shopping,0
1471843533,Lavanya Chaudhry,Deepa Sandal,lavanya8890@okbob,44153.35,Success,Merchant Payment,0
8527810963,Devika Mannan,Kavya Subramanian,devika7510@upi,24142.13,Pending,Salary Transfer,0
6673080417,Falguni Seth,Kevin Mody,falguni8279@okhdfcbank,5529.04,Failed,Friend Transfer,0
1901639530,Dakshesh Rai,Ikbal Dar,dakshesh9053@okhdfcbank,15949.95,Pending,Loan Repayment,0
8503233203,Onkar Chokshi,Banjeet Zachariah,onkar1724@oksbi,35203.32,Pending,Gift Payment,0
6030370879,Bina Gala,Nikita Agarwal,bina8866@ybl,43855.05,Success,Gift Payment,0
5159940089,Ekiya Master,Azad Nadig,ekiya8329@paytm,33860.37,Pending,Gift Payment,0
9891206061,Hemangini Mukherjee,Ishaan Tandon,hemangini3277@oksbi,9990.9,Failed,Online Shopping,0
6652962123,Noah Khatri,Eta Bahri,noah6424@okicici,114437.42,Pending,Online Shopping,1
7406386615,Sathvik Rama,Ranbir Dutta,sathvik7805@okhdfcbank,23584.14,Pending,Merchant Payment,0
5038997455,Chandani Saha,David Lala,chandani3876@okhdfcbank,26516.0,Success,Friend Transfer,0
7454861270,Fariq Thaker,Faris Hora,fariq8025@okpnb,208.81,Success,Loan Repayment,0
3443295728,Mohammed Tiwari,Ijaya Dewan,mohammed7764@upi,1746.93,Failed,Friend Transfer,0
1087361395,Zansi Kannan,Aradhana Dugar,zansi6815@okbob,15622.18,Pending,Gift Payment,0
1711177804,Bhavini Deol,Zansi Nanda,bhavini9696@okpnb,29433.2,Success,Bill Payment,0
5472780916,Divya Balasubramanian,Rajata Taneja,divya3330@okicici,15724.17,Success,Loan Repayment,0
1487730022,Chasmum Ganesan,Raksha Suresh,chasmum9078@okicici,46900.13,Success,Merchant Payment,0
1579737968,Janaki Chana,Hamsini Hegde,janaki9474@upi,7318.97,Failed,Bill Payment,0
3336902349,Arunima Nath,Widisha Soni,arunima6488@okkotak,36967.22,Success,Gift Payment,0
6607350226,Siya Amble,Udyati Sachdeva,siya2847@okicici,42870.63,Failed,Bill Payment,0
3274683191,Vincent Rajan,Leena Natt,vincent8286@paytm,43314.07,Pending,Subscription,0
4296886098,Faqid Deshmukh,Kashvi Ganguly,faqid1675@okhdfcbank,27888.05,Pending,Online Shopping,0
9193970586,Harini Chana,Yauvani Sandhu,harini6701@okbob,31778.0,Failed,Loan Repayment,0
9425652454,Ekalinga Sinha,Odika Solanki,ekalinga5234@paytm,2678.83,Pending,Loan Repayment,0
8864590869,Daniel Bhardwaj,Januja Basu,daniel9115@okhdfcbank,33472.29,Failed,Loan Repayment,0
6824188013,Jonathan Ramaswamy,Yasti Bhargava,jonathan2887@okaxis,44918.1,Failed,Online Shopping,0
3825365519,Darika Gill,Yagnesh Parmar,darika4984@ybl,48050.25,Failed,Friend Transfer,0
6725162222,Adya Sha,Urvashi Pingle,adya4442@okicici,93663.04,Failed,Loan Repayment,1
1321082911,Pratyush Parmer,Udarsh Gara,pratyush1881@oksbi,13148.27,Success,Bill Payment,0
3416174947,Aachal Narang,Bishakha Warrior,aachal3428@okaxis,28145.93,Success,Merchant Payment,0
1547067642,Vincent Dhar,Tanveer Dewan,vincent1800@okkotak,36212.48,Pending,Loan Repayment,0
3481493938,Tara Pradhan,Gautam Walia,tara9561@okhdfcbank,48974.31,Success,Friend Transfer,0
6897439450,Kamala Tripathi,Ryan Chaudhary,kamala5702@oksbi,92552.62,Success,Subscription,1
7407752293,Faras Prasad,Theodore Virk,faras9165@okpnb,28080.15,Success,Friend Transfer,0
3013041191,Ijaya Raghavan,Balvan Chaudhuri,ijaya6368@ybl,20624.68,Failed,Gift Payment,0
8054647292,Oscar Sangha,Pranit Borde,oscar9248@upi,1449.43,Success,Bill Payment,0
9273366156,Warjas Raj,Yachana Chowdhury,warjas6992@okhdfcbank,13481.12,Pending,Loan Repayment,0
7859009278,Barkha Bhatti,Reva Suresh,barkha4501@okaxis,22577.32,Success,Salary Transfer,0
3902731122,Diya Chand,Rohan Tank,diya1215@ybl,36714.79,Pending,Loan Repayment,0
8004361232,Chaitanya Krishnan,Zayyan Banerjee,chaitanya3166@okaxis,36624.12,Failed,Friend Transfer,0
2488373752,Upadhriti Narula,Madhavi Gopal,upadhriti8597@okicici,44988.55,Pending,Salary Transfer,0
7105827199,Eta Borde,Ojasvi Virk,eta1726@okaxis,34921.65,Failed,Online Shopping,0
5667390871,Nicholas Misra,Tanish Contractor,nicholas7267@paytm,4938.56,Pending,Merchant Payment,0
6661518644,Niharika Chad,Charles Rastogi,niharika1652@oksbi,7416.96,Success,Bill Payment,0
3712365526,Aahana Pandit,Zayan Kata,aahana9391@okhdfcbank,40064.39,Pending,Subscription,0
8549466152,Lakshmi Majumdar,Netra De,lakshmi9360@okkotak,41731.21,Failed,Merchant Payment,0
3955456485,Gunbir Prakash,Chaaya Bakshi,gunbir9829@okpnb,49787.73,Failed,Gift Payment,0
4960285847,Rishi Anand,Ira Bail,rishi6911@okhdfcbank,29642.44,Failed,Loan Repayment,0
2161389570,Xalak Krishnan,Tanveer Mane,xalak5579@okicici,26062.57,Pending,Subscription,0
7216644157,Mohini Kapadia,Amrita Bath,mohini9138@paytm,41635.87,Success,Salary Transfer,0
8782464542,Rudra Bose,Chaaya Chander,rudra7133@upi,229488.91,Failed,Merchant Payment,1
2161181857,Andrew Tak,Sneha Menon,andrew7286@okkotak,16175.39,Success,Online Shopping,0
7517342994,Chaaya Nagi,Laksh Kale,chaaya6844@okbob,37054.35,Failed,Friend Transfer,0
3892546067,Urishilla Master,Harish Master,urishilla5065@paytm,7345.23,Failed,Gift Payment,0
2439727416,Lila Chaudry,Amruta Cheema,lila1940@okkotak,4038.53,Pending,Online Shopping,0
4815206176,Tanmayi Golla,Qarin Datta,tanmayi7656@paytm,5095.22,Failed,Gift Payment,0
5874932777,Pahal Dutt,Turvi Nadig,pahal9281@okbob,33147.68,Success,Subscription,0
2384190252,Meera Ram,Maanas Rajagopal,meera7437@okpnb,47592.04,Success,Online Shopping,0
8060077389,Jyoti Sarin,Yashawini Rama,jyoti6376@paytm,29514.91,Failed,Salary Transfer,0
2901135857,Atharv Gola,Lakshit Nigam,atharv8637@okicici,43382.55,Success,Salary Transfer,0
7243452352,Tristan Saini,Triveni Upadhyay,tristan9398@paytm,15677.96,Pending,Loan Repayment,0
3715326549,Kavya Nigam,Arin Badal,kavya4764@paytm,29890.51,Pending,Loan Repayment,0
3143568185,Aryan Grover,Kavya D’Alia,aryan8624@okaxis,28932.09,Success,Subscription,0
3943633276,Anita Jaggi,Yauvani Warrior,anita1780@okaxis,20743.23,Failed,Loan Repayment,0
5391322834,Dayamai Sarin,Rajata Jhaveri,dayamai3050@okbob,48686.49,Failed,Merchant Payment,0
1070112042,Kashish Pandit,Ranbir Bedi,kashish2633@oksbi,45374.02,Pending,Gift Payment,0
7260790495,Luke Joshi,Tristan Dubey,luke4553@oksbi,39770.33,Failed,Bill Payment,0
1706964991,Samuel Vaidya,Urvashi Rau,samuel8395@ybl,35321.32,Success,Salary Transfer,0
2874334682,Aadhya Gupta,Jasmit Bal,aadhya7451@ybl,10928.07,Failed,Bill Payment,0
7506771557,Wridesh Behl,Prisha Merchant,wridesh3120@ybl,33326.49,Success,Bill Payment,0
7380900000,Tamanna Walia,Rushil Thakur,tamanna6021@paytm,34222.42,Pending,Online Shopping,0
2325809638,Max Kaul,Jagat Dugar,max9811@okicici,4914.75,Pending,Merchant Payment,0
5582449736,Zansi Bhalla,Aayush Borra,zansi6459@ybl,7656.04,Pending,Friend Transfer,0
7000429651,Neha Divan,Gaurav Patel,neha5271@okkotak,38235.18,Failed,Online Shopping,0
1026605173,Nathan Randhawa,Vasudha Aurora,nathan2653@okhdfcbank,26389.61,Success,Loan Repayment,0
7259940992,Isha Dutta,Hemangini Joshi,isha7032@ybl,1474.64,Failed,Bill Payment,0
5876925180,Falguni Radhakrishnan,Tejas Jha,falguni6132@upi,39316.46,Failed,Merchant Payment,0
4594882980,Rehaan Upadhyay,Ekani Mukherjee,rehaan8866@ybl,2043.13,Failed,Friend Transfer,0
4910214050,Inaya Kothari,Samaksh Rau,inaya2783@okbob,235.35,Pending,Salary Transfer,0
2003020286,Tanmayi Dar,Darpan Baria,tanmayi8920@okaxis,35558.84,Pending,Friend Transfer,0
5572777439,Ishwar Om,Qadim Chokshi,ishwar6943@upi,18475.8,Failed,Online Shopping,0
1288607605,Diya Walla,Zaid Puri,diya1073@okaxis,152081.33,Pending,Gift Payment,1
8770777578,Mitali Tripathi,Yachana Gole,mitali2924@okbob,26687.48,Pending,Online Shopping,0
8324290668,Azad Khanna,Aashi Murty,azad8335@okkotak,25745.65,Pending,Online Shopping,0
8425247110,Chanakya Choudhry,Vansha Roy,chanakya8775@upi,31745.24,Success,Subscription,0
6676671770,Ojasvi Varkey,Chandran Sanghvi,ojasvi1845@okkotak,20533.12,Success,Friend Transfer,0
5176232002,Maya Dugal,Wahab Nigam,maya3191@okkotak,49287.2,Failed,Salary Transfer,0
9948327304,Jhalak Bhatia,Hritik Batra,jhalak3670@okpnb,25846.75,Failed,Bill Payment,0
3167016057,Upkaar Hans,Zarna Krish,upkaar8855@okkotak,36560.2,Success,Loan Repayment,0
2967195351,Logan Mutti,Ekavir Nadkarni,logan2943@okpnb,47237.99,Pending,Subscription,0
9088194235,Nicholas Sawhney,Wridesh Chhabra,nicholas4429@oksbi,8125.21,Failed,Gift Payment,0
1867329281,Amara Cheema,Urmi Walla,amara1909@upi,30429.17,Success,Salary Transfer,0
1097590990,Kala Gola,Jackson Warrior,kala4867@upi,10031.43,Pending,Salary Transfer,0
2581209904,Chaman Sangha,Zaid Prabhu,chaman6175@ybl,40312.7,Pending,Online Shopping,0
2700176781,Sarthak Narang,Ekbal Chakraborty,sarthak9016@oksbi,33261.5,Success,Gift Payment,0
5443011460,Anika Sant,Manbir Sule,anika2261@oksbi,39302.08,Pending,Bill Payment,0
4850939700,Kalpit Nagarajan,Isaiah Mody,kalpit8081@okicici,32042.06,Failed,Loan Repayment,0
8656791345,Gavin Gara,Vyanjana Kari,gavin9085@upi,3058.09,Pending,Friend Transfer,0
9997021554,Charvi Das,Omisha Oak,charvi9613@okaxis,18486.15,Pending,Subscription,0
9680828661,Mugdha Reddy,Jagvi Sood,mugdha5586@okaxis,23256.2,Pending,Loan Repayment,0
9873103390,Finn Dani,Keya Setty,finn9019@ybl,39151.98,Failed,Merchant Payment,0
6697617299,Faraj Natarajan,Dipta Datta,faraj1763@okhdfcbank,24573.16,Failed,Subscription,0
3199974312,Anmol Kale,Udyati Borde,anmol5023@okpnb,21390.79,Failed,Gift Payment,0
9306970523,Yashica Gandhi,Oliver Kari,yashica2336@okaxis,3228.98,Success,Subscription,0
1985511470,David Parmar,Veer Jayaraman,david8013@okhdfcbank,33586.09,Failed,Salary Transfer,0
2562704464,Widisha Singhal,Gautami Garg,widisha4678@okbob,10700.73,Success,Bill Payment,0
3215435906,Robert Karnik,Meghana Dey,robert9670@upi,42659.58,Success,Subscription,0
5572321810,Azad Bora,Kritika Babu,azad7702@ybl,31022.88,Pending,Salary Transfer,0
1722113051,Udant Talwar,Shivani Rai,udant1970@okhdfcbank,15918.16,Success,Bill Payment,0
7324497984,Hredhaan Rana,Manthan Sagar,hredhaan8497@okkotak,14667.39,Pending,Gift Payment,0
4982749615,Lucky Khanna,Girindra Varughese,lucky2520@paytm,102045.45,Success,Merchant Payment,1
6265895889,Janani Prabhakar,Benjamin Chaudhari,janani5449@upi,43177.38,Pending,Bill Payment,0
6091694053,Warinder Lad,Bhanumati Tara,warinder4132@ybl,30244.82,Success,Gift Payment,0
4016202797,Chatresh Wali,Gautam Wagle,chatresh4206@okbob,24321.1,Success,Loan Repayment,0
1260921102,Amol Sahni,Nitara Sengupta,amol3742@okbob,5079.93,Pending,Online Shopping,0
8395776962,Aayush Bhandari,Ronith Jani,aayush7563@okkotak,105992.0,Failed,Friend Transfer,1
1770720565,Hiral Sachdev,Aahana Lata,hiral9780@okbob,36045.39,Failed,Gift Payment,0
6479790626,Balendra Babu,Harita Nazareth,balendra5767@okbob,40634.46,Failed,Gift Payment,0
4864402697,Jyoti Sundaram,Jagat Ram,jyoti9174@paytm,19009.2,Success,Merchant Payment,0
7870797135,Ucchal Mohanty,Joshua Deshmukh,ucchal3193@oksbi,31372.02,Failed,Gift Payment,0
2530860301,Rachana Sangha,Yashoda Chaudhry,rachana4529@okkotak,49856.16,Failed,Online Shopping,0
3891429339,Faraj Krishna,Qabil Tiwari,faraj2659@okbob,17138.86,Success,Merchant Payment,0
9859619925,Widisha Gulati,Aradhana Kant,widisha9869@upi,3223.15,Failed,Bill Payment,0
3315468299,Umang Misra,Hamsini Varma,umang1567@oksbi,45355.15,Success,Friend Transfer,0
7317686638,Yadavi Boase,Leena Goyal,yadavi2366@ybl,29827.0,Success,Friend Transfer,0
4209983865,Sanya Guha,Amol Dash,sanya9653@okhdfcbank,13596.7,Failed,Subscription,0
8951015451,Noah Zacharia,Vansha Narang,noah6703@okpnb,20376.43,Failed,Merchant Payment,0
2790624060,Chaitanya Gopal,Advaith Pandey,chaitanya8212@okpnb,6770.9,Pending,Gift Payment,0
3967485346,Sathvik Gala,Balvan Kapur,sathvik1573@okaxis,5374.29,Failed,Online Shopping,0
8508432715,Aarav Kibe,Wakeeta Tak,aarav1566@oksbi,2776.21,Success,Friend Transfer,0
3601336844,Eshana Oza,Nicholas Salvi,eshana6863@ybl,48998.2,Pending,Gift Payment,0
5088790224,Bhavya Gopal,Udant Anne,bhavya4795@okicici,46664.22,Pending,Loan Repayment,0
1966786409,Eesha Pai,Brijesh Dhar,eesha6727@oksbi,30681.5,Failed,Salary Transfer,0
5364322121,Aahana Chatterjee,Warjas Ramachandran,aahana3606@okpnb,8296.7,Success,Salary Transfer,0
7789033440,Abdul Majumdar,Nitesh Goda,abdul3412@okaxis,4350.46,Pending,Friend Transfer,0
8400668926,Faris Butala,Ekiya Morar,faris3441@paytm,29306.88,Success,Friend Transfer,0
2802992014,Darika Balan,Zilmil Kurian,darika2509@okpnb,41355.42,Success,Bill Payment,0
9595019587,Kamala Krishna,Daniel Gola,kamala5441@okaxis,19599.84,Failed,Gift Payment,0
2282148161,Charvi Minhas,Tanay Dada,charvi4056@okhdfcbank,16617.85,Success,Bill Payment,0
7553749331,Tanveer Bassi,Ekapad Muni,tanveer9878@paytm,18913.52,Pending,Friend Transfer,0
2406079520,Anika Tara,Eta Doctor,anika1656@okaxis,45409.6,Failed,Subscription,0
8925283545,Yuvraj Thaker,Tripti Mangat,yuvraj2539@okpnb,45520.02,Success,Online Shopping,0
5184727160,Hardik Kashyap,Caleb Hans,hardik1233@okicici,16469.52,Pending,Online Shopping,0
1429093732,Aadhya Gopal,Omya Sheth,aadhya7024@okkotak,13219.37,Failed,Merchant Payment,0
9894710337,Urmi Verma,Wyatt Sachdeva,urmi1472@ybl,7267.32,Pending,Salary Transfer,0
7517315837,Aadi D’Alia,Hemangini Bhatti,aadi6366@okkotak,44470.92,Failed,Bill Payment,0
9457573700,Harsh Menon,Siddharth Sule,harsh9569@okicici,23101.96,Success,Gift Payment,0
8845714978,Lucky Kaur,Gunbir Tailor,lucky5023@okpnb,18909.02,Failed,Salary Transfer,0
1051299631,Zayan Lad,Kamala Balan,zayan7011@okicici,33728.72,Failed,Loan Repayment,0
1906446467,Nitesh Datta,Harshil Vyas,nitesh9892@ybl,12364.87,Failed,Bill Payment,0
1274896632,Rishi Chadha,Dakshesh Rout,rishi6762@ybl,39721.82,Success,Loan Repayment,0
3803631294,Aayush Dar,Xavier Ratta,aayush3579@okpnb,49683.31,Success,Gift Payment,0
6821618294,Pratyush Dhawan,Shaurya Bhatti,pratyush4227@upi,2198.74,Failed,Bill Payment,0
7823633690,Rajata Prakash,Alexander Master,rajata2925@paytm,4516.77,Success,Friend Transfer,0
4817569718,Nisha Atwal,Wazir Sodhi,nisha8275@oksbi,27133.09,Failed,Bill Payment,0
2443700243,Aayush Baria,Osha Keer,aayush9832@okicici,1995.15,Pending,Loan Repayment,0
4429091166,Ati Menon,Sarthak Saini,ati7973@okpnb,39468.23,Success,Bill Payment,0
9899226694,Wahab Som,Zilmil Kunda,wahab5798@oksbi,28966.11,Pending,Friend Transfer,0
1532853887,Yatan Gokhale,Girish Patla,yatan1725@oksbi,6596.12,Success,Online Shopping,0
3584281392,Avi Puri,Yashawini Mallick,avi5317@paytm,29351.47,Failed,Gift Payment,0
1214031024,Kamya Nagi,Rajata Tripathi,kamya4189@okicici,29170.07,Failed,Gift Payment,0
2422236832,Ira Dora,Indali Ganguly,ira5830@ybl,2234.14,Pending,Friend Transfer,0
5402782208,Abhimanyu Mohan,Jatin Chauhan,abhimanyu4323@paytm,4050.2,Failed,Bill Payment,0
7752590996,Christopher Lalla,Damyanti Lalla,christopher9827@oksbi,21928.2,Pending,Bill Payment,0
5138913336,Indali Sule,Ekalinga Bali,indali1353@paytm,8515.78,Failed,Online Shopping,0
3333073033,Falguni Wadhwa,Osha Batra,falguni9755@okbob,16197.2,Success,Bill Payment,0
7777065522,Aahana Shenoy,Ishani Walla,aahana7703@okkotak,47104.41,Pending,Loan Repayment,0
5709691777,Libni Sem,Warhi Swaminathan,libni1544@okhdfcbank,22650.85,Pending,Gift Payment,0
8079403527,Tanmayi Dube,Fiyaz Wable,tanmayi8207@ybl,38523.66,Failed,Loan Repayment,0
2937756494,Oni Dhar,Kamya Dewan,oni4678@ybl,7760.51,Failed,Merchant Payment,0
5064177536,Orinder Rana,Siya Sandhu,orinder3484@ybl,15933.72,Pending,Friend Transfer,0
9450482848,Wriddhish Bhattacharyya,Henry Nagy,wriddhish8913@okaxis,46135.59,Pending,Bill Payment,0
2457862399,Neel Bajaj,Baljiwan Varughese,neel2471@okaxis,13128.51,Failed,Salary Transfer,0
6900865384,Yamini Iyengar,Chanakya Khare,yamini7990@ybl,24312.66,Success,Gift Payment,0
8207673483,Jyoti Gaba,Eesha Manda,jyoti1748@okpnb,5757.96,Success,Online Shopping,0
6006466638,Kabir Deshmukh,Reyansh Kari,kabir6141@okkotak,23206.58,Pending,Bill Payment,0
6477746462,Hredhaan Vyas,Jason Magar,hredhaan4474@paytm,47133.42,Success,Merchant Payment,0
5332900509,Anya Sethi,Jonathan Vora,anya8811@paytm,11047.05,Success,Gift Payment,0
9737740260,Bahadurjit Kalla,Aradhana Kadakia,bahadurjit3043@okaxis,78786.09,Success,Subscription,1
8670353109,Raagini Lad,Avi Khare,raagini6520@paytm,34822.74,Failed,Gift Payment,1
6439677172,Sara Loyal,Dayita Hayre,sara7068@upi,37346.35,Success,Loan Repayment,0
4807794542,Eesha Lal,Omkaar Khare,eesha1319@okaxis,44338.7,Failed,Friend Transfer,0
2500094517,Anya Patil,Kamya Dave,anya2386@oksbi,14798.81,Pending,Salary Transfer,0
2931642215,Kiaan Bala,Gopal Hayer,kiaan6079@paytm,32980.52,Success,Subscription,0
4717679856,Tanmayi Tella,Upma Malhotra,tanmayi1922@okhdfcbank,35123.66,Failed,Loan Repayment,0
5186066920,Sanaya Tripathi,Vinaya Rai,sanaya2469@ybl,45989.07,Failed,Online Shopping,0
6179643101,Samaksh Sastry,Kavya Buch,samaksh4174@oksbi,110666.79,Pending,Merchant Payment,1
5347683066,Ishanvi Handa,Ubika Vyas,ishanvi5251@oksbi,4697.23,Pending,Friend Transfer,0
5489530803,Gayathri Talwar,Gaurang Gokhale,gayathri6167@okkotak,27300.62,Failed,Online Shopping,0
4324403890,Simon Singhal,Zashil Rai,simon1851@oksbi,210244.41,Failed,Gift Payment,1
4294801654,Falan Kohli,Qadim Madan,falan1959@okhdfcbank,44056.07,Pending,Loan Repayment,0
9223221241,Vedika Krishnan,Vrishti Lad,vedika8101@okkotak,2436.49,Pending,Subscription,0
4799494709,Netra Raghavan,Bhavika Karnik,netra1270@okicici,28643.84,Success,Gift Payment,0
5840315830,Edhitha Swamy,Aditya Dani,edhitha7681@okbob,44190.98,Success,Salary Transfer,0
2210324930,Lohit Buch,Chaaya Barad,lohit4754@paytm,3898.87,Failed,Merchant Payment,0
6751848729,Chavvi Dua,Mohammed Nath,chavvi8275@okkotak,33984.94,Success,Subscription,0
3191481270,Dev Narula,Lakshmi Krishnamurthy,dev3297@ybl,1062.9,Success,Bill Payment,0
1318891842,Varenya Ray,Indali Pal,varenya4611@paytm,3076.48,Failed,Salary Transfer,0
1147500744,Gabriel Joshi,Sachi Krishna,gabriel1283@okkotak,21290.58,Pending,Bill Payment,0
6015669749,Eiravati Deshpande,Qasim Kashyap,eiravati5024@okaxis,44640.71,Success,Salary Transfer,0
5764808587,Jeremiah Bhagat,Sudiksha Dua,jeremiah8837@okhdfcbank,23165.12,Failed,Merchant Payment,0
9344799307,Arunima Sathe,Zaitra Goswami,arunima1424@okpnb,27002.09,Success,Online Shopping,0
7620337390,Samarth Jayaraman,Mohammed Kuruvilla,samarth3396@okkotak,13318.24,Success,Online Shopping,0
3142100248,Liam Mitra,Vamakshi Sem,liam4843@okicici,44708.71,Pending,Online Shopping,0
9118204474,Raksha Chokshi,Adya Prasad,raksha9051@paytm,46676.48,Success,Salary Transfer,0
6080622214,Hardik Loyal,Reva Tara,hardik3614@upi,18147.93,Failed,Friend Transfer,0
5989571522,Daksha Varghese,Eiravati Kibe,daksha8059@okpnb,31922.18,Success,Salary Transfer,0
3564257310,Maanav Sanghvi,Jairaj Dyal,maanav3514@okaxis,45578.89,Pending,Salary Transfer,0
1173811749,Karan Solanki,Yamini Gade,karan7528@okkotak,43971.07,Pending,Merchant Payment,0
4514984331,Vasatika Gill,Ishwar Ranganathan,vasatika1527@okpnb,17924.21,Pending,Bill Payment,0
5053116221,Nimrat Ray,Jagdish Mukhopadhyay,nimrat3435@okbob,23911.84,Pending,Salary Transfer,0
7866407499,Suhani Issac,Onkar Raju,suhani9884@okhdfcbank,45609.15,Failed,Merchant Payment,0
9306835480,Urvashi Deshmukh,Andrew Shanker,urvashi5662@ybl,47461.06,Success,Bill Payment,0
6548672324,Yachana Venkataraman,Warjas Baral,yachana1360@okhdfcbank,17967.96,Failed,Merchant Payment,0
7384779360,Jalsa Parekh,Gagan Banerjee,jalsa6020@okaxis,25027.27,Pending,Gift Payment,0
2768030629,Ekiya Vohra,Triya Khare,ekiya9392@oksbi,48149.01,Success,Friend Transfer,0
6736557371,Urishilla Manne,Advik Dhingra,urishilla8392@okicici,32754.18,Pending,Loan Repayment,0
3761696394,Kevin Sura,Divya Dewan,kevin1456@okicici,20976.33,Success,Salary Transfer,0
1249283064,Siddharth Dewan,Vritti Kaur,siddharth5800@paytm,18150.52,Failed,Friend Transfer,0
1042707631,Baljiwan Sankar,Eesha Kala,baljiwan8912@okhdfcbank,32632.09,Failed,Bill Payment,0
8946173265,Diya Sarraf,Chakrika Bhandari,diya9479@okaxis,36835.67,Pending,Online Shopping,0
9800771235,Qarin Dewan,Ayush Sathe,qarin1509@ybl,40905.99,Pending,Salary Transfer,0
6703631933,Zarna Sanghvi,Gopal Murthy,zarna4151@ybl,31557.89,Pending,Online Shopping,0
5628810571,Krishna Narayan,Advay Gulati,krishna5731@paytm,18796.74,Pending,Friend Transfer,0
5965599509,Ojasvi Misra,Janya Shroff,ojasvi7464@okpnb,170828.06,Pending,Gift Payment,1
5976328479,Gaurika Sachdev,Urmi Iyengar,gaurika6123@okicici,9729.11,Pending,Merchant Payment,0
7393732982,Xalak Desai,Aradhana Choudhry,xalak4453@okkotak,2159.18,Pending,Subscription,0
1310203039,Ishita Shah,Panini Behl,ishita4284@okaxis,12055.36,Failed,Salary Transfer,1
1273885463,Hemang Tiwari,Hemang Divan,hemang9362@okbob,46828.3,Success,Gift Payment,0
4698223455,Fiyaz Sethi,Urvi Mangat,fiyaz7512@okhdfcbank,44676.31,Pending,Merchant Payment,0
2976128194,Bina Pathak,Dhriti Kala,bina7191@paytm,60975.54,Failed,Bill Payment,1
5105489667,Peter Dhar,Darika Karnik,peter2555@upi,42725.17,Failed,Subscription,0
6361034191,Girik Saxena,Pushti Palla,girik1390@okhdfcbank,8789.66,Success,Loan Repayment,0
3724044933,Gaurav Upadhyay,Ekavir Keer,gaurav3422@ybl,22268.27,Failed,Gift Payment,0
7259258354,Krishna Gaba,Vanya Kar,krishna5956@okpnb,24821.34,Success,Merchant Payment,0
1400659938,Raghav Handa,Vidhi Nagi,raghav9389@ybl,29628.24,Pending,Merchant Payment,0
8647526303,Shravya Mahal,Odika Raja,shravya9551@okkotak,20753.35,Success,Salary Transfer,0
1752271170,Xalak Mane,Bahadurjit Mall,xalak3598@okpnb,138030.5,Pending,Online Shopping,1
8894083035,Yamini Dalal,Anjali Sunder,yamini4678@okaxis,29660.7,Failed,Loan Repayment,0
1317742926,Anthony Dhaliwal,Tanmayi Kala,anthony5796@okaxis,45164.53,Success,Salary Transfer,0
4756236026,Eta Doshi,Ekaraj Rajan,eta1281@okbob,23350.6,Success,Online Shopping,0
2001390263,Oliver Balan,Christopher Magar,oliver5808@ybl,5367.76,Pending,Salary Transfer,0
2373798041,Janya Brahmbhatt,Sneha Babu,janya6670@oksbi,44524.42,Pending,Loan Repayment,0
8926667680,Hemang Rana,Nathaniel Manda,hemang4357@okbob,49674.16,Pending,Salary Transfer,0
2265998943,Jagvi Kaur,Nachiket Naik,jagvi8797@okbob,157297.36,Success,Salary Transfer,1
2081506117,Advika Dey,Wakeeta Viswanathan,advika1339@okpnb,11690.82,Failed,Salary Transfer,0
1023868537,Ekavir Chahal,Keya Seth,ekavir3413@paytm,42537.53,Failed,Bill Payment,0
5281377464,Jacob Sangha,Laksh Desai,jacob6002@upi,22377.64,Failed,Friend Transfer,0
7984298884,Raksha Sharma,Sathvik Nori,raksha4982@okicici,5882.99,Success,Salary Transfer,0
5442558796,Zashil Mandal,Aarnav Vyas,zashil1613@paytm,27695.52,Pending,Salary Transfer,0
8529426878,Tanveer Kanda,Hemani Master,tanveer5965@paytm,6906.71,Pending,Online Shopping,0
7508135308,Ucchal Gulati,Nachiket Aurora,ucchal1041@ybl,47989.18,Success,Online Shopping,0
9741421118,Shaurya Ganguly,Daksh Goswami,shaurya4181@okkotak,42877.56,Success,Merchant Payment,0
6606892214,Krishna Saha,Fiyaz Khatri,krishna9580@upi,7864.39,Pending,Merchant Payment,0
1078134585,Jatin Sankaran,Hemani Pant,jatin4592@oksbi,10621.56,Success,Salary Transfer,0
6420302475,Vihaan De,Falak Batra,vihaan1878@okbob,28449.09,Success,Online Shopping,0
1677447401,Dominic Shroff,Yamini Sahota,dominic8777@okkotak,29227.21,Pending,Subscription,0
8867036748,Neha Madan,Balhaar Srinivasan,neha7255@okpnb,15170.45,Pending,Friend Transfer,0
6567887453,Urvi Devi,Maanas Bhatia,urvi3864@ybl,33369.52,Success,Gift Payment,0
4683971382,Zayan Sawhney,Maanav Grover,zayan3639@okhdfcbank,35041.93,Pending,Salary Transfer,0
3025776527,Kamya Loyal,Jasmit Kanda,kamya2192@okhdfcbank,37833.25,Pending,Bill Payment,0
7886305094,Om Luthra,Kashvi Nadig,om4180@upi,10735.28,Pending,Bill Payment,0
7358746590,Devansh Deo,Harita Mital,devansh1808@paytm,40150.56,Success,Bill Payment,0
9772075184,Jagat Prashad,Samarth Natt,jagat7885@okicici,1772.34,Pending,Friend Transfer,0
5799421040,Zarna Ray,Janaki Sarna,zarna5467@okhdfcbank,48359.59,Pending,Salary Transfer,1
7879103515,Yamini Andra,Matthew Gopal,yamini8166@okicici,38396.36,Pending,Friend Transfer,0
5932167542,Wazir Balakrishnan,Thomas Choudhary,wazir2501@okpnb,7773.81,Pending,Salary Transfer,0
3453288665,Jhalak Garg,Adya Brahmbhatt,jhalak5420@okhdfcbank,887.9,Pending,Loan Repayment,0
9231213837,Amaira Amble,Jatin Mann,amaira5265@ybl,4586.63,Pending,Gift Payment,0
5321454560,Ethan Bava,Gabriel Ratti,ethan9721@okkotak,12948.14,Success,Salary Transfer,0
1897793531,Dakshesh Ratti,Ria Goyal,dakshesh6628@okicici,8623.02,Pending,Online Shopping,0
4526680422,Vrishti Sharma,Nimrat Devi,vrishti3228@okkotak,1133.74,Failed,Loan Repayment,0
6487795994,Yug Kashyap,Anjali Gupta,yug9865@okhdfcbank,11298.04,Failed,Salary Transfer,0
2091964179,Warjas Ravi,Udant Basu,warjas4904@ybl,20574.49,Pending,Merchant Payment,0
3885390521,Viraj Bir,Upma Shanker,viraj8603@okicici,42982.63,Pending,Gift Payment,0
3996708035,Yagnesh Kunda,Oscar Kothari,yagnesh2796@okicici,22380.67,Failed,Bill Payment,0
6113235857,Eiravati Johal,Yasti Nath,eiravati1265@okhdfcbank,33803.38,Success,Friend Transfer,0
7218184328,Zashil Sandhu,Harsh Sahni,zashil3467@okicici,8176.86,Success,Bill Payment,0
2935543527,Edhitha Uppal,Kamala Hora,edhitha9543@okicici,20395.16,Pending,Friend Transfer,0
3235196238,Sathvik Ravel,Yashvi Johal,sathvik1417@upi,47029.24,Failed,Loan Repayment,0
6078822261,Ikbal Ahuja,Bhavini Dutt,ikbal4237@paytm,29953.2,Pending,Subscription,0
3253366581,Omya Sachdeva,Vedant Tripathi,omya4409@oksbi,17735.83,Failed,Online Shopping,0
3454964540,Diya Kala,Ronith Nayar,diya9800@okhdfcbank,45295.94,Failed,Bill Payment,0
5715080470,Damyanti Sanghvi,Praneel Nagi,damyanti5731@okicici,42505.49,Pending,Gift Payment,0
2687576518,Parth Mandal,Hemani Shetty,parth3200@okicici,31059.43,Pending,Subscription,0
9695689339,Anay Talwar,Anthony Guha,anay7344@okhdfcbank,20033.16,Pending,Friend Transfer,0
8889249429,Ansh Bhandari,Yagnesh Kurian,ansh6155@okaxis,29937.28,Success,Salary Transfer,0
3773171992,Jagat Raval,Aarush Mangal,jagat2115@okaxis,40742.62,Success,Loan Repayment,0
8068938759,Chanchal Sami,Raagini Setty,chanchal7851@okhdfcbank,13941.89,Pending,Merchant Payment,0
6766614004,Zinal Chaudhry,Upkaar Hayre,zinal2035@okkotak,12511.32,Pending,Online Shopping,0
3238734978,Balhaar Khanna,Watika Gera,balhaar7380@okhdfcbank,107442.36,Pending,Gift Payment,1
6011793319,Zashil Konda,Jagrati Behl,zashil5832@ybl,139573.06,Failed,Friend Transfer,1
4344520638,Mahika Gaba,Ikbal Chakrabarti,mahika6765@oksbi,18578.31,Failed,Salary Transfer,0
4992970287,Omkaar Srinivas,Brijesh Sharaf,omkaar3854@upi,11954.04,Failed,Online Shopping,0
1958073220,Karan Mani,Idika Bahri,karan4592@upi,33124.12,Success,Merchant Payment,0
3686404350,Sanya Oommen,Dakshesh Viswanathan,sanya6772@okpnb,32393.69,Pending,Salary Transfer,0
7242889748,Triya Kala,Aadi Vig,triya7980@okaxis,16108.62,Success,Salary Transfer,0
2719148562,Raagini Sunder,Ishani Ray,raagini5923@okbob,17334.82,Pending,Gift Payment,0
3023703618,Elijah Krishna,Wriddhish Khanna,elijah9286@okbob,32405.73,Pending,Friend Transfer,0
1308993697,Mohammed Sama,Maya Patil,mohammed7939@okicici,33548.33,Failed,Subscription,0
8349269972,Netra Som,Jairaj Bains,netra7285@okpnb,239712.8,Success,Online Shopping,1
5895189686,Wakeeta Patla,Robert Nayar,wakeeta5868@paytm,47234.56,Pending,Friend Transfer,0
5046356272,Vrinda Rajagopal,Agastya Chandra,vrinda3738@okpnb,33665.25,Failed,Loan Repayment,0
8720157729,Ronith Bhargava,Lucky Mitter,ronith8772@ybl,15656.41,Pending,Merchant Payment,0
8579311458,Nimrat Pandya,Jagvi Rajan,nimrat7026@okhdfcbank,21931.81,Success,Salary Transfer,0
3874029723,Bhavika Tak,Joshua Bal,bhavika4706@okhdfcbank,2042.39,Pending,Loan Repayment,0
5501738846,Tanvi Rajan,Hiral Lall,tanvi2267@okbob,8320.89,Pending,Merchant Payment,0
9279532170,Frado Mani,Qadim Trivedi,frado8378@paytm,11272.03,Failed,Online Shopping,0
2115367530,Yutika D’Alia,Eiravati Acharya,yutika1385@okicici,26757.68,Pending,Online Shopping,0
6219078960,Bachittar Koshy,Harinakshi Sachar,bachittar2726@upi,20191.98,Pending,Salary Transfer,0
3155997783,Vaishnavi Comar,Isha Kala,vaishnavi7191@okhdfcbank,30776.71,Failed,Online Shopping,0
7870004841,Krishna Sunder,Gopal Venkatesh,krishna6642@okbob,5247.22,Pending,Merchant Payment,0
7911758494,Peter Jaggi,Jhalak Krishnan,peter3824@okicici,12698.29,Pending,Loan Repayment,0
3491064657,Idika Manda,Rachit Atwal,idika7808@ybl,39635.08,Pending,Merchant Payment,0
7887578731,Faqid Sachdeva,Dev Mittal,faqid2098@okhdfcbank,28933.15,Failed,Merchant Payment,0
1070446547,Vivaan Raman,Zashil Hegde,vivaan4568@ybl,33868.59,Pending,Loan Repayment,0
1151264028,Upadhriti Varkey,Ria Mand,upadhriti5357@okbob,114139.24,Success,Salary Transfer,1
6530551008,Charles Sehgal,Gauri Bhattacharyya,charles9846@okkotak,28447.42,Failed,Bill Payment,1
3092659899,Timothy Mital,Girindra Upadhyay,timothy8222@upi,41127.89,Success,Merchant Payment,0
1137815665,Alexander Prakash,Balendra Reddy,alexander9787@okaxis,47724.14,Failed,Online Shopping,0
1467156618,Jalsa Rajagopal,Ikshita Reddy,jalsa4217@paytm,3913.8,Success,Online Shopping,0
6301269455,Nachiket Dhar,Aishani Thakkar,nachiket4970@okpnb,16680.1,Success,Friend Transfer,1
9846855361,Odika Singh,Deepa Raval,odika9619@upi,34887.38,Success,Bill Payment,0
6415260758,Yug Trivedi,Ekta Rajagopal,yug3907@okicici,11820.67,Failed,Merchant Payment,0
1551218382,Hema Pall,Girik Ranganathan,hema1826@okkotak,33542.75,Failed,Salary Transfer,0
3171287363,Sneha Rama,Anamika Chacko,sneha6662@okaxis,6407.68,Pending,Online Shopping,0
7144875452,Shaurya Kannan,Qadim Pai,shaurya9280@okbob,13530.54,Failed,Loan Repayment,0
7568830465,Krishna Dar,Faras Murthy,krishna9177@okicici,3390.39,Pending,Loan Repayment,0
3600679743,Wazir Chaudry,Qarin Chahal,wazir2266@okicici,30865.2,Failed,Subscription,0
9147060672,Mitesh Warrior,Kevin Choudhury,mitesh8858@okaxis,23185.31,Pending,Online Shopping,0
5716708993,Odika Ghosh,Benjamin Dasgupta,odika7300@ybl,10651.31,Failed,Bill Payment,0
3033184131,Ansh Kothari,Tripti Randhawa,ansh4354@okpnb,22321.73,Pending,Subscription,0
4748520567,Ekantika Chaudry,Lakshit Dutta,ekantika6115@okpnb,46671.76,Failed,Online Shopping,0
9358318187,Oni Agarwal,Kevin D’Alia,oni4939@okkotak,21806.54,Success,Friend Transfer,0
8738041217,Kevin Dugar,Warda Mand,kevin9714@okbob,41840.79,Success,Loan Repayment,0
3273837475,Vrishti Thakur,Ronith Bhatti,vrishti1774@okicici,29206.42,Success,Loan Repayment,0
9582645051,Mohammed Wason,Dhruv Mander,mohammed4923@upi,42987.06,Failed,Salary Transfer,0
1729127000,Ronith Kakar,Chaman Hayre,ronith3681@upi,5648.37,Success,Subscription,0
8895227296,Chavvi Deo,Madhav Joshi,chavvi3917@okbob,9080.62,Pending,Friend Transfer,1
8577710645,Laksh Sarraf,Garima Das,laksh5162@okhdfcbank,2429.56,Failed,Subscription,0
8558822003,Bhavini Dhillon,Sathvik Tandon,bhavini5449@upi,40740.37,Pending,Salary Transfer,0
1489547710,Amaira Prabhu,Ikshita Dara,amaira7441@okaxis,4038.16,Success,Salary Transfer,0
8229047752,Warinder Ranganathan,Harshil Rattan,warinder8504@oksbi,1101.58,Failed,Gift Payment,0
5259093702,Gabriel Srivastava,Pahal Gill,gabriel2898@okkotak,26221.46,Success,Loan Repayment,0
4736957166,Alexander Jhaveri,Anirudh Dubey,alexander9714@paytm,31816.86,Success,Salary Transfer,0
5465185051,Frederick Narayan,Gayathri Handa,frederick9514@okaxis,20478.37,Pending,Online Shopping,0
5967096552,Rajeshri Naik,Vedant Kamdar,rajeshri4099@okpnb,19070.54,Failed,Gift Payment,0
3168169120,Tanmayi Subramanian,Upma Bhasin,tanmayi7085@okbob,34717.31,Failed,Online Shopping,0
7032776500,Gaurika Gandhi,Noah Hegde,gaurika5969@okpnb,48214.66,Failed,Subscription,0
3710327508,Fiyaz Banik,Dipta Mander,fiyaz5801@okpnb,5735.68,Failed,Friend Transfer,0
8495306569,Chakradev Balan,Dipta Char,chakradev3967@upi,47156.78,Success,Loan Repayment,0
6660615154,Warjas Saran,Theodore Jha,warjas7486@okaxis,6553.42,Failed,Loan Repayment,0
5453356152,Veer Toor,Zayyan Wason,veer8157@okkotak,41824.45,Pending,Gift Payment,0
6399018049,Kala Memon,Balendra Samra,kala2473@okkotak,37388.78,Failed,Friend Transfer,0
2639990511,Nakul Sahota,Hema Joshi,nakul7951@paytm,41027.81,Success,Salary Transfer,0
4899751888,Caleb Merchant,Tanay Atwal,caleb8271@ybl,24986.29,Success,Online Shopping,0
3762742970,Osha Garde,Anamika Aurora,osha9884@ybl,5541.93,Failed,Bill Payment,0
9202280563,Kritika Dora,Abha Sane,kritika2725@ybl,26105.61,Failed,Loan Repayment,0
4915266144,Arin Choudhary,Onveer Sani,arin7037@oksbi,40994.99,Failed,Merchant Payment,0
32242422424,ram,stake,hlo@ybl,2312.0,Failed,Friend Transfer,0
32242422424,drfar,efdf,hlo@ybl,200000.0,Success,Merchant Payment,1
32242422424,ram,4334,hlo@ybl,3232.0,Success,Merchant Payment,0
32242422424,rwwasas,edde,hlo@123,442.0,Success,Friend Transfer,0
